,,,Ingresos brutos,,  8.128 ,  9.285 ,  6.210 ,  6.420 ,,1.156,210,,14%,3%,,,,,,,,,,,,,,
BS/PL,PL,,,,,,,,,,,,,,,,,,,,,,,,,,,
,,,,,,,,,,,,,,,,,,,,,,,,,,,,
Sum of Saldo (miles) Ok7,,,,,Period,,,,,,,,,,,Sobre ingresos brutos,,,,,Variación p.p.,,,,,,,
Mapping ILV 1,Mapping ILV 2,Mapping ILV 3,Description,Cuenta,FY23,FY24,YTD24,YTD25,,FY24 ,YTD - Aug25,,FY24 ,YTD - Aug25,,FY23,FY24,YTD24,YTD25,,FY24 ,YTD - Aug25,,Pregunta ILV Silver,Prioridad,Estatus,Respuesta de la Dirección,Pregunta de seguimiento ILV SILVER
EBITDA,Revenue,Gross revenue,Ventas de mercaderías,70000000,8.128 ,9.285 ,6.210 ,6.420 ,,1.156,210,,14%,3%,,"100,0%","100,0%","100,0%","100,0%",,-,-,,"(i) Comentar de manera general los principales ""drivers"" del crecimiento de ingresos entre FY23 y FY24 (14%)
(ii) Por qué se ve una ralentización de los ingresos entre YTD-Oct24 y YTD-Oct25 (3%) cuando se compara con el crecimiento de los ingresos en el periodo anterior?",Alta,Abierto,,
,Supplies,T. Criba,T. CRIBA MEGASA MAIA,60100002,(574),(564),(348),(477),,9,(129),,-2%,37%,,"(7,1%)","(6,1%)","(5,6%)","(7,4%)",,"1,0 p.p.","(1,8 p.p.)",,"(i) Ver pestaña ""Compras""",Alta,Abierto,,
,,,T. CRIBA SID. BALBOA,60100008,(511),(545),(396),(338),,(34),58,,7%,-15%,,"(6,3%)","(5,9%)","(6,4%)","(5,3%)",,"0,4 p.p.","1,1 p.p.",,,,,,
,,,T. CRIBA MEGASA ZARAGOZA,60100003,(367),(409),(272),(331),,(42),(59),,12%,22%,,"(4,5%)","(4,4%)","(4,4%)","(5,2%)",,"0,1 p.p.","(0,8 p.p.)",,,,,,
,,,T. CRIBA MEGASA NARON,60100004,(322),(381),(270),(302),,(59),(32),,18%,12%,,"(4,0%)","(4,1%)","(4,4%)","(4,7%)",,"(0,1 p.p.)","(0,4 p.p.)",,,,,,
,,,T.CRIBA SN MEGASA SEIXAL,60100024, -  ,(264),(206),(148),,(264),58,,0%,-28%,,-,"(2,8%)","(3,3%)","(2,3%)",,"(2,8 p.p.)","1,0 p.p.",,,,,,
,,,T. CRIBA ARCELOR MITTAL,60100005,(150),(122),(66),(89),,28,(23),,-19%,34%,,"(1,8%)","(1,3%)","(1,1%)","(1,4%)",,"0,5 p.p.","(0,3 p.p.)",,,,,,
,,,T. CRIBA C. GETAFE,60100006,(29),(97),(53),(34),,(67),18,,228%,-35%,,"(0,4%)","(1,0%)","(0,8%)","(0,5%)",,"(0,7 p.p.)","0,3 p.p.",,,,,,
,,,COMPRA T.CRIBA ECOMET,60100032, -  ,(88),(42), -  ,,(88),42,,0%,-100%,,-,"(0,9%)","(0,7%)",-,,"(0,9 p.p.)","0,7 p.p.",,,,,,
,,,T. CRIBA NERVACERO,60100029, -  ,(4),(4), -  ,,(4),4,,0%,-100%,,-,"(0,0%)","(0,1%)",-,,"(0,0 p.p.)","0,1 p.p.",,,,,,
,,,T. CRIBA FEMUSAN,60100015,(6),(9),(9), -  ,,(3),9,,51%,-100%,,"(0,1%)","(0,1%)","(0,1%)",-,,"(0,0 p.p.)","0,1 p.p.",,,,,,
,,Transport (purchases),TRANSPORTE SIDERURGIC,60124011, -  ,(278), -  ,(191),,(278),(191),,0%,0%,,-,"(3,0%)",-,"(3,0%)",,"(3,0 p.p.)","(3,0 p.p.)",,,,,,
,,,TRANSPORTE MEGASA MAI,60124002, -  ,(209), -  ,(165),,(209),(165),,0%,0%,,-,"(2,3%)",-,"(2,6%)",,"(2,3 p.p.)","(2,6 p.p.)",,,,,,
,,,TRANSPORTE MEGASA ZAR,60124004, -  ,(113), -  ,(75),,(113),(75),,0%,0%,,-,"(1,2%)",-,"(1,2%)",,"(1,2 p.p.)","(1,2 p.p.)",,,,,,
,,,TRANSPORTE MEGASA NAR,60124003, -  ,(60), -  ,(45),,(60),(45),,0%,0%,,-,"(0,6%)",-,"(0,7%)",,"(0,6 p.p.)","(0,7 p.p.)",,,,,,
,,,TRANSPORTE CORRUGADOS,60124015, -  ,(63), -  ,(15),,(63),(15),,0%,0%,,-,"(0,7%)",-,"(0,2%)",,"(0,7 p.p.)","(0,2 p.p.)",,,,,,
,,,TRANSPORTE COMPRAS AR,60124005, -  ,(6), -  ,(5),,(6),(5),,0%,0%,,-,"(0,1%)",-,"(0,1%)",,"(0,1 p.p.)","(0,1 p.p.)",,,,,,
,,,TRANSPORTE ALUMINIOS,60124006, -  ,(1), -  ,(3),,(1),(3),,0%,0%,,-,"(0,0%)",-,"(0,0%)",,"(0,0 p.p.)","(0,0 p.p.)",,,,,,
,,,TRANSPORTE COMPRAS,60124000, -  , -  , -  ,(2),,-,(2),,0%,0%,,-,-,-,"(0,0%)",,-,"(0,0 p.p.)",,,,,,
,,,TRANSPORTE METALES TA,60124013, -  ,(10), -  , -  ,,(10),-,,0%,0%,,-,"(0,1%)",-,-,,"(0,1 p.p.)",-,,,,,,
,,Raw materials purchased,COMRPA M.P. DURO FELG,60100034, -  , -  , -  ,(275),,-,(275),,0%,0%,,-,-,-,"(4,3%)",,-,"(4,3 p.p.)",,,,,,
,,,ALUMINIO FRAGMENTADO METALIMPE,60100019,(141),(67),(67),(133),,74,(66),,-53%,100%,,"(1,7%)","(0,7%)","(1,1%)","(2,1%)",,"1,0 p.p.","(1,0 p.p.)",,,,,,
,,,COMPRA M. PRIMA CORTI,60100035, -  , -  , -  ,(23),,-,(23),,0%,0%,,-,-,-,"(0,4%)",,-,"(0,4 p.p.)",,,,,,
,,,MATERIA PRIMA FELIX C,60100031, -  ,(24),(19),(17),,(24),2,,0%,-11%,,-,"(0,3%)","(0,3%)","(0,3%)",,"(0,3 p.p.)","0,0 p.p.",,,,,,
,,,ALUMINIO INCINERADO FEMUSAN,60100013,(7),(18),(18),(16),,(11),2,,158%,-14%,,"(0,1%)","(0,2%)","(0,3%)","(0,2%)",,"(0,1 p.p.)","0,0 p.p.",,,,,,
,,,ZORBA INCINERADA FLOTAMET,60100020,(5), -  , -  ,(7),,5,(7),,-100%,0%,,"(0,1%)",-,-,"(0,1%)",,"0,1 p.p.","(0,1 p.p.)",,,,,,
,,,COMPRAS DE MATERIAS PRIMAS,60100000, -  ,0 , -  ,(3),,0,(3),,0%,0%,,-,"0,0%",-,"(0,0%)",,"0,0 p.p.","(0,0 p.p.)",,,,,,
,,,COMPRA M.PRIMA HIERRO,60100036, -  , -  , -  ,(1),,-,(1),,0%,0%,,-,-,-,"(0,0%)",,-,"(0,0 p.p.)",,,,,,
,,,COMPRA  NF BALBOA,60100001,(0), -  , -  ,(0),,0,(0),,-100%,0%,,"(0,0%)",-,-,"(0,0%)",,"0,0 p.p.","(0,0 p.p.)",,,,,,
,,,CHATARRA  ARCELOR MIT,60100010, -  , -  , -  , -  ,,-,-,,0%,0%,,-,-,-,-,,-,-,,,,,,
,,,ALUMINIO FINO RECUP METALICAS,60100022,(4), -  , -  , -  ,,4,-,,-100%,0%,,"(0,0%)",-,-,-,,"0,0 p.p.",-,,,,,,
,,,COMPRA M.P. NAPARRA B,60100033, -  ,(2), -  , -  ,,(2),-,,0%,0%,,-,"(0,0%)",-,-,,"(0,0 p.p.)",-,,,,,,
,,,T.FRAGMENTADORA M TARAGOÑ,60100007,(45),(22),(22), -  ,,23,22,,-51%,-100%,,"(0,6%)","(0,2%)","(0,3%)",-,,"0,3 p.p.","0,3 p.p.",,,,,,
,,,VARIOS RECUPERACIONES,60100030, -  ,(4),(4), -  ,,(4),4,,0%,-100%,,-,"(0,0%)","(0,1%)",-,,"(0,0 p.p.)","0,1 p.p.",,,,,,
,,,COBRE CONTENIDOS FRANCOIS,60100023,(8),(2),(2), -  ,,6,2,,-77%,-100%,,"(0,1%)","(0,0%)","(0,0%)",-,,"0,1 p.p.","0,0 p.p.",,,,,,
,,,NEGATIVO FOUCOULT FEMUSAN,60100014,(0), -  , -  , -  ,,0,-,,-100%,0%,,"(0,0%)",-,-,-,,"0,0 p.p.",-,,,,,,
,,,MATERIAL GOMAS CON METALES,60100009,(33),(13),(13), -  ,,20,13,,-62%,-100%,,"(0,4%)","(0,1%)","(0,2%)",-,,"0,3 p.p.","0,2 p.p.",,,,,,
,,,ZORBA HIRUMET,60100017,(0), -  , -  , -  ,,0,-,,-100%,0%,,"(0,0%)",-,-,-,,"0,0 p.p.",-,,,,,,
,,,METALES CONCENTRADOS METALIMPE,60100021, -  ,(90),(90), -  ,,(90),90,,0%,-100%,,-,"(1,0%)","(1,4%)",-,,"(1,0 p.p.)","1,4 p.p.",,,,,,
,,,COMPRA M.PRIMA REDEDA,60100011,(1),(2),(1), -  ,,(2),1,,232%,-100%,,"(0,0%)","(0,0%)","(0,0%)",-,,"(0,0 p.p.)","0,0 p.p.",,,,,,
,,,COMPRA M PRIMA ALUSIG,60100028, -  ,(8),(8), -  ,,(8),8,,0%,-100%,,-,"(0,1%)","(0,1%)",-,,"(0,1 p.p.)","0,1 p.p.",,,,,,
,,,GOMAS ALUMINOS LA ESTRELLA,60100012,(1), -  , -  , -  ,,1,-,,-100%,0%,,"(0,0%)",-,-,-,,"0,0 p.p.",-,,,,,,
,,,CHAT.PERDIGON STEEL METAL,60100027, -  ,(2),(2), -  ,,(2),2,,0%,-100%,,-,"(0,0%)","(0,0%)",-,,"(0,0 p.p.)","0,0 p.p.",,,,,,
,,,TIERRA CIZALLA RECICAS,60100018,(1), -  , -  , -  ,,1,-,,-100%,0%,,"(0,0%)",-,-,-,,"0,0 p.p.",-,,,,,,
,,Subcontracted work,GASTOS VERTEDERO TIERRA COGERSA,60700001,(257),(473),(241),(236),,(217),5,,84%,-2%,,"(3,2%)","(5,1%)","(3,9%)","(3,7%)",,"(1,9 p.p.)","0,2 p.p.",,,,,,
,,,GESTION RCD REDECAM,60700003,(121),(147),(38),(49),,(26),(11),,22%,30%,,"(1,5%)","(1,6%)","(0,6%)","(0,8%)",,"(0,1 p.p.)","(0,2 p.p.)",,,,,,
,,,TRABAJOS REALIZADOS POR OTRAS,60700000,(4),(7),(1),(48),,(3),(46),,80%,4557%,,"(0,0%)","(0,1%)","(0,0%)","(0,7%)",,"(0,0 p.p.)","(0,7 p.p.)",,,,,,
,,,GASTOS VERTEDERO FCC 2CR ASTUR,60700004,(6),(3),(0),(1),,2,(1),,-40%,317%,,"(0,1%)","(0,0%)","(0,0%)","(0,0%)",,"0,0 p.p.","(0,0 p.p.)",,,,,,
,,Other supplies purchased,"COMPRA EPIS, MATERIAL PROTECCI",60200002,(11),(18),(10),(13),,(7),(3),,68%,28%,,"(0,1%)","(0,2%)","(0,2%)","(0,2%)",,"(0,1 p.p.)","(0,0 p.p.)",,,,,,
,,,COMPRAS DE OTROS APROVISIONAMI,60200000,(27),(11),(10),(7),,16,2,,-59%,-25%,,"(0,3%)","(0,1%)","(0,2%)","(0,1%)",,"0,2 p.p.","0,0 p.p.",,,,,,
,,,CONSUMIBLES MAQUINAS MOVILES,60200003,(16),(25),(23),(5),,(10),18,,62%,-78%,,"(0,2%)","(0,3%)","(0,4%)","(0,1%)",,"(0,1 p.p.)","0,3 p.p.",,,,,,
,,,PRODUCTOS DE LIMPIEZA,60200007,(1),(1),(0),(3),,(0),(3),,33%,1003%,,"(0,0%)","(0,0%)","(0,0%)","(0,0%)",,"(0,0 p.p.)","(0,0 p.p.)",,,,,,
,,,CONSUMIBLES BIGS-BAGS,60200005,(3), -  , -  ,(1),,3,(1),,-100%,0%,,"(0,0%)",-,-,"(0,0%)",,"0,0 p.p.","(0,0 p.p.)",,,,,,
,,,CONSUMIBLES DE OFICINA,60200001,(2),(0),(0),(0),,2,(0),,-84%,16%,,"(0,0%)","(0,0%)","(0,0%)","(0,0%)",,"0,0 p.p.","(0,0 p.p.)",,,,,,
,,,ROPA DE TRABAJO,60200004,(8), -  , -  , -  ,,8,-,,-100%,0%,,"(0,1%)",-,-,-,,"0,1 p.p.",-,,,,,,
,,,MATERIAL INFORMATICO,60200008,(1), -  , -  , -  ,,1,-,,-100%,0%,,"(0,0%)",-,-,-,,"0,0 p.p.",-,,,,,,
,,Merchandise purchased,Compras de mercaderías,60000000, -  , -  , -  ,(10),,-,(10),,0%,0%,,-,-,-,"(0,2%)",,-,"(0,2 p.p.)",,,,,,
,,Volume discounts,RAPPELS COMPRAS OTROS APROVIO.,60920000,1 ,1 ,1 , -  ,,0,(1),,73%,-100%,,"0,0%","0,0%","0,0%",-,,"0,0 p.p.","(0,0 p.p.)",,,,,,
,,Purchase returns and similar transactions,DEVOLUCIONES COMPRAS,60800000,5 ,1 ,0 ,1 ,,(3),1,,-74%,179%,,"0,1%","0,0%","0,0%","0,0%",,"(0,0 p.p.)","0,0 p.p.",,,,,,
,Stock variation,Changes in inventories of raw materials,Variación de existencias de materias primas,61100000,20 ,(50), -  , -  ,,(71),-,,-346%,0%,,"0,3%","(0,5%)",-,-,,"(0,8 p.p.)",-,,(i) Explicar si ha habido algún cambio en el registro o la política contable para la variación de existencias durante el periodo bajo análisis,Media,Abierto,,
,,Changes in inventories of merchandise,VARIACION DE EXIST DE PRODUCTOS EN CURSO,71000000,11 ,57 , -  , -  ,,47,-,,439%,0%,,"0,1%","0,6%",-,-,,"0,5 p.p.",-,,,,,,
,,,VARIA. EXISTENCIAS PR,71100000, -  , -  , -  ,10 ,,-,10,,0%,0%,,-,-,-,"0,2%",,-,"0,2 p.p.",,,,,,
,,,VARIACIÓN DE EXISTENC,61000000, -  , -  , -  ,66 ,,-,66,,0%,0%,,-,-,-,"1,0%",,-,"1,0 p.p.",,,,,,
,,,Variación de existencias de productos terminados,71200000,(26),9 , -  ,76 ,,35,76,,-135%,0%,,"(0,3%)","0,1%",-,"1,2%",,"0,4 p.p.","1,2 p.p.",,,,,,
,Personnel expenses,Salaries,SUELDOS Y SALARIOS PRODUCCION,64000001,(548),(655),(423),(399),,(107),23,,20%,-6%,,"(6,7%)","(7,1%)","(6,8%)","(6,2%)",,"(0,3 p.p.)","0,6 p.p.",,,,,,
,,,SUELDOS Y SALARIOS MANTENIMIEN,64000002,(105),(133),(85),(83),,(28),3,,27%,-3%,,"(1,3%)","(1,4%)","(1,4%)","(1,3%)",,"(0,1 p.p.)","0,1 p.p.",,,,,,
,,,SUELDOS Y SALARIOS ADMINISTRAC,64000003,(59),(69),(44),(42),,(10),3,,17%,-6%,,"(0,7%)","(0,7%)","(0,7%)","(0,6%)",,"(0,0 p.p.)","0,1 p.p.",,,,,,
,,,Sueldos y salarios,64000000, -  , -  , -  , -  ,,-,-,,0%,0%,,-,-,-,-,,-,-,,,,,,
,,,SUELDOS Y SALARIOS A.MITTAL,64000004,(19), -  , -  , -  ,,19,-,,-100%,0%,,"(0,2%)",-,-,-,,"0,2 p.p.",-,,,,,,
,,Social security,SEGURIDAD SOCIAL PRODUCCION,64200001,(156),(191),(128),(125),,(35),3,,22%,-2%,,"(1,9%)","(2,1%)","(2,1%)","(2,0%)",,"(0,1 p.p.)","0,1 p.p.",,,,,,
,,,SEGURIDAD SOCIAL MANTENIMIENTO,64200002,(19),(37),(22),(33),,(18),(11),,96%,50%,,"(0,2%)","(0,4%)","(0,3%)","(0,5%)",,"(0,2 p.p.)","(0,2 p.p.)",,,,,,
,,,SEGURIDAD SOCIAL ADMINISTRACIO,64200003,(18),(14),(7),(13),,5,(6),,-25%,82%,,"(0,2%)","(0,1%)","(0,1%)","(0,2%)",,"0,1 p.p.","(0,1 p.p.)",,,,,,
,,,SEGURIDAD SOCIAL A.MITTAL,64200004,(8), -  , -  , -  ,,8,-,,-100%,0%,,"(0,1%)",-,-,-,,"0,1 p.p.",-,,,,,,
,Opex,Independent professional services,SERVICIOS DE DIRECCION Y PRODC,62300001,(339),(426),(317),(302),,(87),15,,26%,-5%,,"(4,2%)","(4,6%)","(5,1%)","(4,7%)",,"(0,4 p.p.)","0,4 p.p.",,"(i) Por favor explicar la naturaleza de la cuenta
(ii) Explicar el crecimiento entre FY23 y FY24 - tanto en valor absoluto como % de los ingresos
(iii) Explicar el menor gasto entre YTD24 y YTD25",Alta,Abierto,,
,,,ASESORAMIENTO JURIDICO,62300007,(3),(6),(4),(20),,(4),(16),,137%,394%,,"(0,0%)","(0,1%)","(0,1%)","(0,3%)",,"(0,0 p.p.)","(0,3 p.p.)",,(i) Explicar el crecimiento entre YTD24 y YTD25. Indicar si es un gasto no recurrente o es el nuevo nivel de gasto normal a futuro,Media,Abierto,,
,,,ASESORAMIENTO TECNOLOGICO,62300004,(12),(12),(9),(10),,(0),(1),,3%,8%,,"(0,1%)","(0,1%)","(0,1%)","(0,2%)",,"0,0 p.p.","(0,0 p.p.)",,,,,,
,,,AUDITORIA  DE CUENTAS,62300006,(8),(8),(8),(9),,(0),(0),,4%,4%,,"(0,1%)","(0,1%)","(0,1%)","(0,1%)",,"0,0 p.p.","(0,0 p.p.)",,,,,,
,,,Servicios de profesionales independientes,62300000,(12),(5),(3),(7),,7,(3),,-59%,111%,,"(0,1%)","(0,1%)","(0,1%)","(0,1%)",,"0,1 p.p.","(0,1 p.p.)",,(i) Explicar el mayor gasto registrado en FY23. Indicar si es un gasto no recurrente.,Baja,Abierto,,
,,,ASESORAMIENTO FISCAL Y LABORAL,62300003,(14),(11),(7),(6),,4,1,,-26%,-18%,,"(0,2%)","(0,1%)","(0,1%)","(0,1%)",,"0,1 p.p.","0,0 p.p.",,(i) Explicar el mayor gasto registrado en FY23. Indicar si es un gasto no recurrente.,Baja,Abierto,,
,,,SERVICIOS ADMINISTRAC,62300012, -  ,(6),(2),(4),,(6),(2),,0%,100%,,-,"(0,1%)","(0,0%)","(0,1%)",,"(0,1 p.p.)","(0,0 p.p.)",,,,,,
,,,CONSULTORIA SELECCION,62300009, -  , -  , -  ,(2),,-,(2),,0%,0%,,-,-,-,"(0,0%)",,-,"(0,0 p.p.)",,,,,,
,,,MEDIO AMBIENTE,62300002,(5), -  , -  ,(1),,5,(1),,-100%,0%,,"(0,1%)",-,-,"(0,0%)",,"0,1 p.p.","(0,0 p.p.)",,,,,,
,,,CONSULTORIA PROTECCION DE DATO,62300005,(0),(0),(0),(0),,0,(0),,-35%,3%,,"(0,0%)","(0,0%)","(0,0%)","(0,0%)",,"0,0 p.p.","0,0 p.p.",,,,,,
,,,ASESORAMIENTO IMPLICA,62300011, -  ,(30),(18), -  ,,(30),18,,0%,-100%,,-,"(0,3%)","(0,3%)",-,,"(0,3 p.p.)","0,3 p.p.",,(i) Explicar la naturaleza del gasto registrado en FY24. Indicar si es un gasto no recurrente y por qué no se registró en los demás periodos,Baja,Abierto,,
,,,TOPOGRAFIA,62300010, -  ,(8),(4), -  ,,(8),4,,0%,-100%,,-,"(0,1%)","(0,1%)",-,,"(0,1 p.p.)","0,1 p.p.",,(i) Explicar la naturaleza del gasto registrado en FY24. Indicar si es un gasto no recurrente y por qué no se registró en los demás periodos,Baja,Abierto,,
,,,CONSULTORIA I+D,62300008,(16), -  , -  , -  ,,16,-,,-100%,0%,,"(0,2%)",-,-,-,,"0,2 p.p.",-,,(i) Explicar la naturaleza del gasto registrado en FY23. Indicar si es un gasto no recurrente y por qué no se registró en los demás periodos,Baja,Abierto,,
,,Repairs and maintenance,MANTENIMIENTO GENERAL,62200000,(166),(47),(49),(34),,119,15,,-72%,-31%,,"(2,0%)","(0,5%)","(0,8%)","(0,5%)",,"1,5 p.p.","0,3 p.p.",,"(i) Explicar el mayor gasto registrado en FY23. Indicar si es un gasto no recurrente.
(ii) Explicar la disminución entre YTD24 y YTD25",Alta,Abierto,,
,,,MNTO REPUESTOS,62200003,(8),(3), -  ,(17),,5,(17),,-60%,0%,,"(0,1%)","(0,0%)",-,"(0,3%)",,"0,1 p.p.","(0,3 p.p.)",,Explicar el crecimiento entre YTD24 y YTD25. Por qué en solo 10 meses de 2025 tiene un gasto superior al de los años anteriores?,Baja,Abierto,,
,,,MANTENIMIENTO ALMACEN,62200001,(17),(13), -  ,(12),,4,(12),,-23%,0%,,"(0,2%)","(0,1%)",-,"(0,2%)",,"0,1 p.p.","(0,2 p.p.)",,Explicar el crecimiento entre YTD24 y YTD25. ,Baja,Abierto,,
,,,MANTENIMIENTO MAQUINARIA,62210000,(44),(34),(18),(9),,10,9,,-23%,-50%,,"(0,5%)","(0,4%)","(0,3%)","(0,1%)",,"0,2 p.p.","0,1 p.p.",,(i) Explicar el mayor gasto registrado en FY23. Indicar si es un gasto no recurrente.,Media,Abierto,,
,,,MNTO SPO11 POLIFINDER,62270011, -  ,(6), -  ,(8),,(6),(8),,0%,0%,,-,"(0,1%)",-,"(0,1%)",,"(0,1 p.p.)","(0,1 p.p.)",,,,,,
,,,MNTO SP01 TROMEL,62270001, -  ,(30), -  ,(8),,(30),(8),,0%,0%,,-,"(0,3%)",-,"(0,1%)",,"(0,3 p.p.)","(0,1 p.p.)",,,,,,
,,,MANTENIMIENTO CINTAS,62250000, -  , -  , -  ,(7),,-,(7),,0%,0%,,-,-,-,"(0,1%)",,-,"(0,1 p.p.)",,,,,,
,,,MNTO SP12 COMBISENSE,62270012, -  ,(5), -  ,(7),,(5),(7),,0%,0%,,-,"(0,1%)",-,"(0,1%)",,"(0,1 p.p.)","(0,1 p.p.)",,,,,,
,,,MNTO SP05 FINDER 1200,62270005, -  ,(6), -  ,(5),,(6),(5),,0%,0%,,-,"(0,1%)",-,"(0,1%)",,"(0,1 p.p.)","(0,1 p.p.)",,,,,,
,,,MNTO SPO7 COMBISENSE,62270007, -  ,(3), -  ,(5),,(3),(5),,0%,0%,,-,"(0,0%)",-,"(0,1%)",,"(0,0 p.p.)","(0,1 p.p.)",,,,,,
,,,MNTO MMOV05 LIEHBER 924 ELEVAB,62260005,(6),(6),(0),(5),,(0),(5),,1%,3322%,,"(0,1%)","(0,1%)","(0,0%)","(0,1%)",,"0,0 p.p.","(0,1 p.p.)",,,,,,
,,,MNTO MAQUINA MAIR03,62210020,(9), -  ,(4),(4),,9,(0),,-100%,2%,,"(0,1%)",-,"(0,1%)","(0,1%)",,"0,1 p.p.","0,0 p.p.",,,,,,
,,,MNTO SPO9 VIS 1,62270009, -  ,(4), -  ,(4),,(4),(4),,0%,0%,,-,"(0,0%)",-,"(0,1%)",,"(0,0 p.p.)","(0,1 p.p.)",,,,,,
,,,MNTO CINTAS CT01,62250024, -  , -  , -  ,(4),,-,(4),,0%,0%,,-,-,-,"(0,1%)",,-,"(0,1 p.p.)",,,,,,
,,,MNTO MMOV06 SENNENBOGEN 825 E,62260006,(2),(14),(5),(3),,(11),2,,505%,-31%,,"(0,0%)","(0,1%)","(0,1%)","(0,1%)",,"(0,1 p.p.)","0,0 p.p.",,,,,,
,,,MNTO SP03 CETRISA 1,62270003, -  ,(2), -  ,(3),,(2),(3),,0%,0%,,-,"(0,0%)",-,"(0,1%)",,"(0,0 p.p.)","(0,1 p.p.)",,,,,,
,,,MNTO CT18 SUBIDA A POLIFINDER,62250018, -  ,(1),(0),(3),,(1),(3),,0%,854%,,-,"(0,0%)","(0,0%)","(0,1%)",,"(0,0 p.p.)","(0,0 p.p.)",,,,,,
,,,MNTO PROGRAMAS INFORMATICOS,62200002,(0),(2),(2),(3),,(2),(0),,472%,16%,,"(0,0%)","(0,0%)","(0,0%)","(0,0%)",,"(0,0 p.p.)","(0,0 p.p.)",,,,,,
,,,MNTO SP14 CRIBA ROJA,62270014, -  , -  , -  ,(2),,-,(2),,0%,0%,,-,-,-,"(0,0%)",,-,"(0,0 p.p.)",,,,,,
,,,MNTO VEHICULOS EMPRESA,62200006,(7),(4),(4),(2),,2,2,,-34%,-54%,,"(0,1%)","(0,0%)","(0,1%)","(0,0%)",,"0,0 p.p.","0,0 p.p.",,,,,,
,,,MNTO CT03 CINTA PESAD,62250003, -  ,(1), -  ,(2),,(1),(2),,0%,0%,,-,"(0,0%)",-,"(0,0%)",,"(0,0 p.p.)","(0,0 p.p.)",,,,,,
,,,MNTO MMOV09 LINDE VOLTEADORA30,62260009,(0),(4), -  ,(2),,(4),(2),,1553%,0%,,"(0,0%)","(0,0%)",-,"(0,0%)",,"(0,0 p.p.)","(0,0 p.p.)",,,,,,
,,,MNTO ZONAS VERDES,62200004,(2),(3),(4),(2),,(1),2,,73%,-59%,,"(0,0%)","(0,0%)","(0,1%)","(0,0%)",,"(0,0 p.p.)","0,0 p.p.",,,,,,
,,,MNTO CINTA SB POLYFIN,62210058, -  , -  , -  ,(1),,-,(1),,0%,0%,,-,-,-,"(0,0%)",,-,"(0,0 p.p.)",,,,,,
,,,MNTO VIB07 TOLVA LINE,62230007, -  ,(2), -  ,(1),,(2),(1),,0%,0%,,-,"(0,0%)",-,"(0,0%)",,"(0,0 p.p.)","(0,0 p.p.)",,,,,,
,,,MNTO SPO6 FINDER 600,62270006, -  ,(7), -  ,(1),,(7),(1),,0%,0%,,-,"(0,1%)",-,"(0,0%)",,"(0,1 p.p.)","(0,0 p.p.)",,,,,,
,,,MNTO CT06  SALIDA NIHOT LIGERO,62250006,(1),(0), -  ,(1),,1,(1),,-59%,0%,,"(0,0%)","(0,0%)",-,"(0,0%)",,"0,0 p.p.","(0,0 p.p.)",,,,,,
,,,MNTO SPO8 SRP,62270008, -  ,(8), -  ,(1),,(8),(1),,0%,0%,,-,"(0,1%)",-,"(0,0%)",,"(0,1 p.p.)","(0,0 p.p.)",,,,,,
,,,*** SIN DESCRIPCION *,62200010, -  , -  , -  ,(1),,-,(1),,0%,0%,,-,-,-,"(0,0%)",,-,"(0,0 p.p.)",,,,,,
,,,MNTO CT02 CINTA SUBIDA A TOLVA,62250002, -  ,(5),(5),(1),,(5),4,,0%,-76%,,-,"(0,1%)","(0,1%)","(0,0%)",,"(0,1 p.p.)","0,1 p.p.",,,,,,
,,,MNTO CT12 CINTA RECHAZO COMBIS,62250012,(2),(2), -  ,(1),,(1),(1),,34%,0%,,"(0,0%)","(0,0%)",-,"(0,0%)",,"(0,0 p.p.)","(0,0 p.p.)",,,,,,
,,,MNTO MMOV01 BARREDORA,62260001, -  ,(1), -  ,(1),,(1),(1),,0%,0%,,-,"(0,0%)",-,"(0,0%)",,"(0,0 p.p.)","(0,0 p.p.)",,,,,,
,,,MNTO MAQ SENNEBOGEN 355,62210044, -  , -  ,(6),(1),,-,5,,0%,-82%,,-,-,"(0,1%)","(0,0%)",,-,"0,1 p.p.",,,,,,
,,,MNTO SP15 CRIBA LINEA,62270015, -  ,(18), -  ,(1),,(18),(1),,0%,0%,,-,"(0,2%)",-,"(0,0%)",,"(0,2 p.p.)","(0,0 p.p.)",,,,,,
,,,MNTO CT08 CINTA SALIDA CETRISA,62250008,(4),(1),(1),(1),,3,1,,-66%,-50%,,"(0,1%)","(0,0%)","(0,0%)","(0,0%)",,"0,0 p.p.","0,0 p.p.",,,,,,
,,,MNTO MMOV12 LIEHBER 924 FIJA,62260012,(0), -  , -  ,(1),,0,(1),,-100%,0%,,"(0,0%)",-,-,"(0,0%)",,"0,0 p.p.","(0,0 p.p.)",,,,,,
,,,MNTO CT15  SALIDA TVIS NEGATIV,62250015,(1), -  , -  ,(1),,1,(1),,-100%,0%,,"(0,0%)",-,-,"(0,0%)",,"0,0 p.p.","(0,0 p.p.)",,,,,,
,,,MNTO CT04 CINTA DISTRIB.TOLVAS,62250004,(0),(1),(1),(1),,(0),-,,122%,0%,,"(0,0%)","(0,0%)","(0,0%)","(0,0%)",,"(0,0 p.p.)","0,0 p.p.",,,,,,
,,,MNTO MAQUINA NIHOT SP02,62210032,(6),(2),(2),(1),,4,1,,-73%,-65%,,"(0,1%)","(0,0%)","(0,0%)","(0,0%)",,"0,1 p.p.","0,0 p.p.",,,,,,
,,,MNTO VIB16  ALIMENT P,62230016, -  ,(13), -  ,(1),,(13),(1),,0%,0%,,-,"(0,1%)",-,"(0,0%)",,"(0,1 p.p.)","(0,0 p.p.)",,,,,,
,,,MNTO MAQUINA MAUX01,62200011, -  , -  ,(0),(1),,-,(0),,0%,14%,,-,-,"(0,0%)","(0,0%)",,-,"(0,0 p.p.)",,,,,,
,,,,62210051,(1), -  , -  , -  ,,1,-,,-100%,0%,,"(0,0%)",-,-,-,,"0,0 p.p.",-,,,,,,
,,,MNTO CT09 CINTA SALIDA CETRISA,62250009,(0),(2),(2),(0),,(1),1,,226%,-69%,,"(0,0%)","(0,0%)","(0,0%)","(0,0%)",,"(0,0 p.p.)","0,0 p.p.",,,,,,
,,,MNTO SPO04 CETRISA 2,62270004, -  ,(2), -  ,(0),,(2),(0),,0%,0%,,-,"(0,0%)",-,"(0,0%)",,"(0,0 p.p.)","(0,0 p.p.)",,,,,,
,,,MNTO SP10 TVIS,62270010, -  ,(2), -  ,(0),,(2),(0),,0%,0%,,-,"(0,0%)",-,"(0,0%)",,"(0,0 p.p.)","(0,0 p.p.)",,,,,,
,,,MNTO CT19 RECHAZO COMBISENS 2,62250019, -  ,(1),(1),(0),,(1),0,,0%,-55%,,-,"(0,0%)","(0,0%)","(0,0%)",,"(0,0 p.p.)","0,0 p.p.",,,,,,
,,,MNTO MAQUINA MAUX14,62240014, -  , -  , -  ,(0),,-,(0),,0%,0%,,-,-,-,"(0,0%)",,-,"(0,0 p.p.)",,,,,,
,,,MANTENIMIENTO MAQ LINDE H25,62210007, -  ,(3),(3),(0),,(3),2,,0%,-88%,,-,"(0,0%)","(0,0%)","(0,0%)",,"(0,0 p.p.)","0,0 p.p.",,,,,,
,,,MNTO CT17 TRIAJE COMBISENS 1,62250017, -  ,(1),(1),(0),,(1),1,,0%,-74%,,-,"(0,0%)","(0,0%)","(0,0%)",,"(0,0 p.p.)","0,0 p.p.",,,,,,
,,,MNTO VIB11 ALIMENT FL,62230010, -  , -  , -  ,(0),,-,(0),,0%,0%,,-,-,-,"(0,0%)",,-,"(0,0 p.p.)",,,,,,
,,,MNTO MAUX08,62240008, -  , -  , -  ,(0),,-,(0),,0%,0%,,-,-,-,"(0,0%)",,-,"(0,0 p.p.)",,,,,,
,,,MNTO MMOV13 SENNEBOGEN 355 TEL,62260013,(1),(5), -  ,(0),,(4),(0),,261%,0%,,"(0,0%)","(0,1%)",-,"(0,0%)",,"(0,0 p.p.)","(0,0 p.p.)",,,,,,
,,,MNTO SPO2 NIHOT,62270002, -  ,(5), -  ,(0),,(5),(0),,0%,0%,,-,"(0,1%)",-,"(0,0%)",,"(0,1 p.p.)","(0,0 p.p.)",,,,,,
,,,MNTO CT22 CINTA TRIAJE TROMEL,62250022, -  ,(4),(4),(0),,(4),4,,0%,-94%,,-,"(0,0%)","(0,1%)","(0,0%)",,"(0,0 p.p.)","0,1 p.p.",,,,,,
,,,MNTO MAUX04,62240004, -  , -  , -  ,(0),,-,(0),,0%,0%,,-,-,-,"(0,0%)",,-,"(0,0 p.p.)",,,,,,
,,,MNTO MAQUINA MMOV04,62210035, -  , -  ,(5),(0),,-,5,,0%,-98%,,-,-,"(0,1%)","(0,0%)",,-,"0,1 p.p.",,,,,,
,,,MNTO MAUX02,62240002, -  , -  , -  ,(0),,-,(0),,0%,0%,,-,-,-,"(0,0%)",,-,"(0,0 p.p.)",,,,,,
,,,MNTO VIB03 SUPERIOR N,62230003, -  ,(1), -  , -  ,,(1),-,,0%,0%,,-,"(0,0%)",-,-,,"(0,0 p.p.)",-,,,,,,
,,,MNTO VIB05 TOLVA CARG,62230005, -  ,(1), -  , -  ,,(1),-,,0%,0%,,-,"(0,0%)",-,-,,"(0,0 p.p.)",-,,,,,,
,,,MNTO CT11 CINTA 600,62250011,(0),(1),(0), -  ,,(0),0,,208%,-100%,,"(0,0%)","(0,0%)","(0,0%)",-,,"(0,0 p.p.)","0,0 p.p.",,,,,,
,,,MNTO VIB06 ALIMENTACI,62230006, -  ,(0), -  , -  ,,(0),-,,0%,0%,,-,"(0,0%)",-,-,,"(0,0 p.p.)",-,,,,,,
,,,MNTO MAQUINA  COMBISENSE SP07,62210023,(2),(1),(1), -  ,,1,1,,-56%,-100%,,"(0,0%)","(0,0%)","(0,0%)",-,,"0,0 p.p.","0,0 p.p.",,,,,,
,,,MANTENIMIENTO MAQ BARREDERA,62210008,(37),(1),(1), -  ,,36,1,,-98%,-100%,,"(0,5%)","(0,0%)","(0,0%)",-,,"0,4 p.p.","0,0 p.p.",,,,,,
,,,MNTO MAQUINA  ELEVLIN,62210031, -  , -  , -  , -  ,,-,-,,0%,0%,,-,-,-,-,,-,-,,,,,,
,,,MNTO VIB08 ALIMENT  F,62230008, -  ,(1), -  , -  ,,(1),-,,0%,0%,,-,"(0,0%)",-,-,,"(0,0 p.p.)",-,,,,,,
,,,MNTO CT13  SUBIDA CRI,62250023, -  ,(0), -  , -  ,,(0),-,,0%,0%,,-,"(0,0%)",-,-,,"(0,0 p.p.)",-,,,,,,
,,,MNTO MAQ  VOLVO  L90,62210003,(1), -  , -  , -  ,,1,-,,-100%,0%,,"(0,0%)",-,-,-,,"0,0 p.p.",-,,,,,,
,,,MNTO MAQUINA SP01,62210043,(5), -  ,(18), -  ,,5,18,,-100%,-100%,,"(0,1%)",-,"(0,3%)",-,,"0,1 p.p.","0,3 p.p.",,,,,,
,,,MNTO MAQ MANITOU MLT,62210010,(1), -  , -  , -  ,,1,-,,-100%,0%,,"(0,0%)",-,-,-,,"0,0 p.p.",-,,,,,,
,,,MANTENIMIENTO FILTRO,62270000, -  ,(15), -  , -  ,,(15),-,,0%,0%,,-,"(0,2%)",-,-,,"(0,2 p.p.)",-,,,,,,
,,,MNTO MMOV04 LINDE VOLTEADORA H,62260004,(4),(5), -  , -  ,,(1),-,,19%,0%,,"(0,1%)","(0,1%)",-,-,,"(0,0 p.p.)",-,,,,,,
,,,MNTO MAQUINA SRP SP08,62210048, -  ,(5),(6), -  ,,(5),6,,0%,-100%,,-,"(0,1%)","(0,1%)",-,,"(0,1 p.p.)","0,1 p.p.",,,,,,
,,,MNTO MAQUINA CETRISA SP03,62210011,(33),(1),(2), -  ,,32,2,,-97%,-100%,,"(0,4%)","(0,0%)","(0,0%)",-,,"0,4 p.p.","0,0 p.p.",,,,,,
,,,MNTO. MAQUINA CRIBA SP15,62210054,(1), -  ,(2), -  ,,1,2,,-100%,-100%,,"(0,0%)",-,"(0,0%)",-,,"0,0 p.p.","0,0 p.p.",,,,,,
,,,MNTO CT10 CINTA 1200,62250010,(0),(5),(3), -  ,,(4),3,,1115%,-100%,,"(0,0%)","(0,1%)","(0,0%)",-,,"(0,0 p.p.)","0,0 p.p.",,,,,,
,,,MNTO MAQUINA MMOV14 P,62210056, -  , -  ,(0), -  ,,-,0,,0%,-100%,,-,-,"(0,0%)",-,,-,"0,0 p.p.",,,,,,
,,,MNTO. POLYFINDER,62210039,(33), -  , -  , -  ,,33,-,,-100%,0%,,"(0,4%)",-,-,-,,"0,4 p.p.",-,,,,,,
,,,MNTO MAQUINA VIS 2 SP13,62210060, -  , -  ,(0), -  ,,-,0,,0%,-100%,,-,-,"(0,0%)",-,,-,"0,0 p.p.",,,,,,
,,,MNTO CT07 CINTA SUBID,62250007, -  ,(0), -  , -  ,,(0),-,,0%,0%,,-,"(0,0%)",-,-,,"(0,0 p.p.)",-,,,,,,
,,,MNTO VIBRANTE CETRISA 2 VIB06,62210062, -  , -  ,(0), -  ,,-,0,,0%,-100%,,-,-,"(0,0%)",-,,-,"0,0 p.p.",,,,,,
,,,MNTO CT21 CINTA SALID,62250021, -  ,(0),(0), -  ,,(0),0,,0%,-100%,,-,"(0,0%)","(0,0%)",-,,"(0,0 p.p.)","0,0 p.p.",,,,,,
,,,MNTO TOLVA TROMEL T01,62210064, -  ,(1),(4), -  ,,(1),4,,0%,-100%,,-,"(0,0%)","(0,1%)",-,,"(0,0 p.p.)","0,1 p.p.",,,,,,
,,,MNTO MAQUINA SPO2,62210002,(6), -  , -  , -  ,,6,-,,-100%,0%,,"(0,1%)",-,-,-,,"0,1 p.p.",-,,,,,,
,,,MNTO CTO01 CINTA NIHO,62210065, -  , -  ,(3), -  ,,-,3,,0%,-100%,,-,-,"(0,0%)",-,,-,"0,0 p.p.",,,,,,
,,,MNTO MAQUINA TVIS SP10,62210042,(0), -  , -  , -  ,,0,-,,-100%,0%,,"(0,0%)",-,-,-,,"0,0 p.p.",-,,,,,,
,,,MNTO MAQUINA MMAIR03,62210067, -  , -  ,(4), -  ,,-,4,,0%,-100%,,-,-,"(0,1%)",-,,-,"0,1 p.p.",,,,,,
,,,MNTO CT14 CINTA INFERIOR CRIBA,62250014,(2), -  , -  , -  ,,2,-,,-100%,0%,,"(0,0%)",-,-,-,,"0,0 p.p.",-,,,,,,
,,,MANT. MAQUINA MAUX0,62210068, -  ,(1),(1), -  ,,(1),1,,0%,-100%,,-,"(0,0%)","(0,0%)",-,,"(0,0 p.p.)","0,0 p.p.",,,,,,
,,,MNTO MAUX01,62240001, -  ,(0), -  , -  ,,(0),-,,0%,0%,,-,"(0,0%)",-,-,,"(0,0 p.p.)",-,,,,,,
,,,CONRTATO MANTENIMIENT,62210070, -  ,(3), -  , -  ,,(3),-,,0%,0%,,-,"(0,0%)",-,-,,"(0,0 p.p.)",-,,,,,,
,,,MNTO MAQUINA TRIAJE,62210024,(1), -  , -  , -  ,,1,-,,-100%,0%,,"(0,0%)",-,-,-,,"0,0 p.p.",-,,,,,,
,,,MNTO CT05 CINTA SUBIDA  FINDER,62250005,(5),(8),(6), -  ,,(3),6,,75%,-100%,,"(0,1%)","(0,1%)","(0,1%)",-,,"(0,0 p.p.)","0,1 p.p.",,,,,,
,,,MNTO MAQUINA MOTOREDUCTOR CT03,62210026,(1), -  , -  , -  ,,1,-,,-100%,0%,,"(0,0%)",-,-,-,,"0,0 p.p.",-,,,,,,
,,,MNTO CT13 CINTA SUBIDA CRIBA L,62250013,(5),(0),(0), -  ,,5,0,,-98%,-100%,,"(0,1%)","(0,0%)","(0,0%)",-,,"0,1 p.p.","0,0 p.p.",,,,,,
,,,MNTO MAQUINA MAUX02,62210052,(0), -  , -  , -  ,,0,-,,-100%,0%,,"(0,0%)",-,-,-,,"0,0 p.p.",-,,,,,,
,,,MNTO MAQUINA COMBI I,62210001,(7),(5),(6), -  ,,3,6,,-36%,-100%,,"(0,1%)","(0,0%)","(0,1%)",-,,"0,0 p.p.","0,1 p.p.",,,,,,
,,,MNTO CT01 CINTA SUBIDA A NIHOT,62250001,(5),(3), -  , -  ,,2,-,,-35%,0%,,"(0,1%)","(0,0%)",-,-,,"0,0 p.p.",-,,,,,,
,,,MANTENIMIENTO MAQ LIEBHER 924 ELEV,62210005, -  , -  ,(4), -  ,,-,4,,0%,-100%,,-,-,"(0,1%)",-,,-,"0,1 p.p.",,,,,,
,,,MANTO MAUX06,62240006, -  ,(0), -  , -  ,,(0),-,,0%,0%,,-,"(0,0%)",-,-,,"(0,0 p.p.)",-,,,,,,
,,,MNTO MAQUINA CT13,62210050, -  , -  ,(0), -  ,,-,0,,0%,-100%,,-,-,"(0,0%)",-,,-,"0,0 p.p.",,,,,,
,,,MNTO MAUX09,62240009, -  ,(0), -  , -  ,,(0),-,,0%,0%,,-,"(0,0%)",-,-,,"(0,0 p.p.)",-,,,,,,
,,,MTNO MAQUINA VIB05,62210059, -  , -  ,(1), -  ,,-,1,,0%,-100%,,-,-,"(0,0%)",-,,-,"0,0 p.p.",,,,,,
,,,MNTO MMOV03 LINDE GAS,62260003,(0), -  , -  , -  ,,0,-,,-100%,0%,,"(0,0%)",-,-,-,,"0,0 p.p.",-,,,,,,
,,,MNTO VIBRANTE TOLVA VIB07,62210063, -  , -  ,(2), -  ,,-,2,,0%,-100%,,-,-,"(0,0%)",-,,-,"0,0 p.p.",,,,,,
,,,MNTO MMOV VOLVO L70,62260008,(11), -  , -  , -  ,,11,-,,-100%,0%,,"(0,1%)",-,-,-,,"0,1 p.p.",-,,,,,,
,,,MNTO MAQUINA VIB08,62210066, -  , -  ,(1), -  ,,-,1,,0%,-100%,,-,-,"(0,0%)",-,,-,"0,0 p.p.",,,,,,
,,,MNTO MAQUINA TROMEL,62210033,(1), -  , -  , -  ,,1,-,,-100%,0%,,"(0,0%)",-,-,-,,"0,0 p.p.",-,,,,,,
,,,MNTO MAQUINA COMBI-2  SP12,62210040,(4),(1),(5), -  ,,3,5,,-75%,-100%,,"(0,0%)","(0,0%)","(0,1%)",-,,"0,0 p.p.","0,1 p.p.",,,,,,
,,,MNTO MAQUINA SPO4,62210041,(9), -  , -  , -  ,,9,-,,-100%,0%,,"(0,1%)",-,-,-,,"0,1 p.p.",-,,,,,,
,,,MNTO MAQUINA MMOV 05,62210021, -  , -  ,(0), -  ,,-,0,,0%,-100%,,-,-,"(0,0%)",-,,-,"0,0 p.p.",,,,,,
,,,MNTO CT16 SALIDA FLIIP-FLOP,62250016,(1),(1), -  , -  ,,0,-,,-15%,0%,,"(0,0%)","(0,0%)",-,-,,"0,0 p.p.",-,,,,,,
,,,MNTO MAQUINA SP09,62210038,(1),(4),(4), -  ,,(2),4,,185%,-100%,,"(0,0%)","(0,0%)","(0,1%)",-,,"(0,0 p.p.)","0,1 p.p.",,,,,,
,,,MNTO MMOV10 BARREDORA EMILY,62260010,(0), -  , -  , -  ,,0,-,,-100%,0%,,"(0,0%)",-,-,-,,"0,0 p.p.",-,,,,,,
,,,MNTO MAQUINA LINDE H30 MMOV09,62210055, -  , -  ,(1), -  ,,-,1,,0%,-100%,,-,-,"(0,0%)",-,,-,"0,0 p.p.",,,,,,
,,,MNTO CT20 TRIAJE COMB,62250020, -  ,(0),(0), -  ,,(0),0,,0%,-100%,,-,"(0,0%)","(0,0%)",-,,"(0,0 p.p.)","0,0 p.p.",,,,,,
,,,MNTO SP13 VIS 2,62270013, -  ,(0), -  , -  ,,(0),-,,0%,0%,,-,"(0,0%)",-,-,,"(0,0 p.p.)",-,,,,,,
,,,MNTO MAQUINA BIDERECC VIB17,62210053,(2), -  , -  , -  ,,2,-,,-100%,0%,,"(0,0%)",-,-,-,,"0,0 p.p.",-,,,,,,
,,,MNTO MAIR03 COMPRESOR,62220003, -  ,(8), -  , -  ,,(8),-,,0%,0%,,-,"(0,1%)",-,-,,"(0,1 p.p.)",-,,,,,,
,,,MNTO MAIR04 SECADOR A,62220004, -  ,(4), -  , -  ,,(4),-,,0%,0%,,-,"(0,0%)",-,-,,"(0,0 p.p.)",-,,,,,,
,,,MNTO MAQUINA CT10,62210047, -  , -  ,(2), -  ,,-,2,,0%,-100%,,-,-,"(0,0%)",-,,-,"0,0 p.p.",,,,,,
,,,MNTO MAQUINA SP05,62210012,(18), -  ,(2), -  ,,18,2,,-100%,-100%,,"(0,2%)",-,"(0,0%)",-,,"0,2 p.p.","0,0 p.p.",,,,,,
,,,MANTENIMIENTO MAQUINA SENNEBOGEN 825M,62210016,(2),(1),(1), -  ,,1,1,,-60%,-100%,,"(0,0%)","(0,0%)","(0,0%)",-,,"0,0 p.p.","0,0 p.p.",,,,,,
,,,MNTO MAQUINA TOMRA COMB SP06,62210013,(9),(0),(5), -  ,,9,5,,-95%,-100%,,"(0,1%)","(0,0%)","(0,1%)",-,,"0,1 p.p.","0,1 p.p.",,,,,,
,,,MNTO VIBRANTE POLIFINDER VIB16,62210061, -  , -  ,(1), -  ,,-,1,,0%,-100%,,-,-,"(0,0%)",-,,-,"0,0 p.p.",,,,,,
,,,MNTO MMOV14 CARGADORA CAT 938M,62260014,(1),(30), -  , -  ,,(29),-,,3614%,0%,,"(0,0%)","(0,3%)",-,-,,"(0,3 p.p.)",-,,,,,,
,,,MNTO MAQUINA CETRISA,62210025,(24), -  ,(2), -  ,,24,2,,-100%,-100%,,"(0,3%)",-,"(0,0%)",-,,"0,3 p.p.","0,0 p.p.",,,,,,
,,,MNTO MAQUINA  POLYFINDER SP11,62210018,(2),(2),(2), -  ,,0,2,,-13%,-100%,,"(0,0%)","(0,0%)","(0,0%)",-,,"0,0 p.p.","0,0 p.p.",,,,,,
,,Transport,TRANSPORTES VENTAS,62420000,(56),(65),(42),(42),,(10),0,,17%,0%,,"(0,7%)","(0,7%)","(0,7%)","(0,7%)",,"(0,0 p.p.)","0,0 p.p.",,"(i) Ver pestaña ""Transporte""",Alta,Abierto,,
,,,TRANSPORTE COGERSA R.I.,62410009,(30),(42),(24),(32),,(11),(8),,38%,31%,,"(0,4%)","(0,4%)","(0,4%)","(0,5%)",,"(0,1 p.p.)","(0,1 p.p.)",,,,,,
,,,TRANSPORTE STA MARTA CDR,62400007,(63),(44),(45),(31),,18,14,,-29%,-31%,,"(0,8%)","(0,5%)","(0,7%)","(0,5%)",,"0,3 p.p.","0,2 p.p.",,,,,,
,,,*** SIN DESCRIPCION *,62441000, -  , -  , -  ,(28),,-,(28),,0%,0%,,-,-,-,"(0,4%)",,-,"(0,4 p.p.)",,,,,,
,,,TRANSPORTE CENERO TPIEDRA,62410012,(19),(25),(18),(16),,(6),1,,35%,-7%,,"(0,2%)","(0,3%)","(0,3%)","(0,3%)",,"(0,0 p.p.)","0,0 p.p.",,,,,,
,,,TRANSPORTE CEMENTERA,62410014, -  , -  , -  ,(8),,-,(8),,0%,0%,,-,-,-,"(0,1%)",,-,"(0,1 p.p.)",,,,,,
,,,TRANSPORTES,62400000,(9),(0),(0),(5),,9,(5),,-96%,1909%,,"(0,1%)","(0,0%)","(0,0%)","(0,1%)",,"0,1 p.p.","(0,1 p.p.)",,,,,,
,,,TRANSPORTE RETIRADA C,62410000, -  , -  , -  ,(2),,-,(2),,0%,0%,,-,-,-,"(0,0%)",,-,"(0,0 p.p.)",,,,,,
,,,TRASLADOS,62400002, -  ,(1),(3),(1),,(1),1,,0%,-49%,,-,"(0,0%)","(0,0%)","(0,0%)",,"(0,0 p.p.)","0,0 p.p.",,,,,,
,,,TRANSPORTE A CENERO,62410016, -  , -  , -  , -  ,,-,-,,0%,0%,,-,-,-,-,,-,-,,,,,,
,,,TRANSPORTE TCRIBA MAIA,62410002,(210), -  ,(131), -  ,,210,131,,-100%,-100%,,"(2,6%)",-,"(2,1%)",-,,"2,6 p.p.","2,1 p.p.",,,,,,
,,,TRANSPORTE COMPRA ARCELOR,62410005,(5), -  ,(4), -  ,,5,4,,-100%,-100%,,"(0,1%)",-,"(0,1%)",-,,"0,1 p.p.","0,1 p.p.",,,,,,
,,,TRANSPORTE COMPRAS GETAFE,62410015,(27), -  ,(44), -  ,,27,44,,-100%,-100%,,"(0,3%)",-,"(0,7%)",-,,"0,3 p.p.","0,7 p.p.",,,,,,
,,,TRANSPORTE TCRIBA NARON,62410003,(73), -  ,(43), -  ,,73,43,,-100%,-100%,,"(0,9%)",-,"(0,7%)",-,,"0,9 p.p.","0,7 p.p.",,,,,,
,,,TRANSPORTE COMPRAS LA,62400011, -  , -  , -  , -  ,,-,-,,0%,0%,,-,-,-,-,,-,-,,,,,,
,,,TRANSPORTES COMPRAS,62400001,(32), -  , -  , -  ,,32,-,,-100%,0%,,"(0,4%)",-,-,-,,"0,4 p.p.",-,,,,,,
,,,TRANSPORTE TCRIBA ZARAGOZA,62410004,(121),0 ,(70), -  ,,121,70,,-100%,-100%,,"(1,5%)","0,0%","(1,1%)",-,,"1,5 p.p.","1,1 p.p.",,,,,,
,,,TRANSPORTE T.CRIBA BALBOA,62410011,(313),(0),(197), -  ,,313,197,,-100%,-100%,,"(3,9%)","(0,0%)","(3,2%)",-,,"3,9 p.p.","3,2 p.p.",,,,,,
,,,TRANSPORTE GOMAS TARAGOÑA,62410013,(2), -  ,(10), -  ,,2,10,,-100%,-100%,,"(0,0%)",-,"(0,2%)",-,,"0,0 p.p.","0,2 p.p.",,,,,,
,,,TPTE LA ESTRELLA GOMAS METALE,62400008,(2),(2), -  , -  ,,1,-,,-28%,0%,,"(0,0%)","(0,0%)",-,-,,"0,0 p.p.",-,,,,,,
,,Utilities,SUMINISTRO ELÉCTRICO,62810000,(92),(131),(68),(71),,(39),(3),,43%,5%,,"(1,1%)","(1,4%)","(1,1%)","(1,1%)",,"(0,3 p.p.)","(0,0 p.p.)",,(i) Explicar el crecimiento (43%) entre FY23 y FY24 - incrementa como % de los ingresos de un 1.1% a un 1.4%,Alta,Abierto,,
,,,SUMINISTRO GASOIL,62850000,(47),(44),(31),(28),,3,4,,-6%,-12%,,"(0,6%)","(0,5%)","(0,5%)","(0,4%)",,"0,1 p.p.","0,1 p.p.",,(i) Explicar la tendencia decreciente durante el periodo bajo análisis,Media,Abierto,,
,,,SUMINISTRO DE AGUA,62820000,(7),(8),(5),(4),,(1),1,,10%,-21%,,"(0,1%)","(0,1%)","(0,1%)","(0,1%)",,"0,0 p.p.","0,0 p.p.",,,,,,
,,,OTROS SUMINISTROS,62800000,(1),(3),(2),(3),,(3),(1),,497%,46%,,"(0,0%)","(0,0%)","(0,0%)","(0,0%)",,"(0,0 p.p.)","(0,0 p.p.)",,,,,,
,,,RECOGIDA BASURA EMULSA,62860000,(1),(1),(1),(1),,0,(0),,-1%,7%,,"(0,0%)","(0,0%)","(0,0%)","(0,0%)",,"0,0 p.p.","(0,0 p.p.)",,,,,,
,,,SUMINISTRO DE GAS,62830000,(1),(0),(0), -  ,,1,0,,-89%,-100%,,"(0,0%)","(0,0%)","(0,0%)",-,,"0,0 p.p.","0,0 p.p.",,,,,,
,,Other services,CURSOS DE FORMACION,62900018,(0),(0),(0),(23),,(0),(22),,43%,14982%,,"(0,0%)","(0,0%)","(0,0%)","(0,4%)",,"(0,0 p.p.)","(0,3 p.p.)",,(i) Por favor explicar el gasto registrado en YTD25. Explicar si es un gasto no recurrente o es el nuevo normal a futuro,Media,Abierto,,
,,,VERTEDERO RESIDUO INDUSTRIAL,62900013,(0),(1),(69),(15),,(1),54,,725%,-79%,,"(0,0%)","(0,0%)","(1,1%)","(0,2%)",,"(0,0 p.p.)","0,9 p.p.",,"(i) Explicar el mayor gasto registrado en YTD24. Porqué en FY24 no hay gasto?
(ii) Explicar por qué en YTD25 se registra un mayor valor que en todo el FY23 y FY24",Media,Abierto,,
,,,LIMPIEZA NAVE,62900002,(15),(3),(6),(11),,12,(5),,-80%,82%,,"(0,2%)","(0,0%)","(0,1%)","(0,2%)",,"0,2 p.p.","(0,1 p.p.)",,"(i) Explicar el mayor gasto registrado en FY23.
(ii) Explicar el crecimiento entre YTD24 y YTD25",Baja,Abierto,,
,,,GASTOS DESPLAZAMIENTO,62900004,(8),(14),(9),(9),,(7),0,,88%,-5%,,"(0,1%)","(0,2%)","(0,2%)","(0,1%)",,"(0,1 p.p.)","0,0 p.p.",,(i) Explicar el mayor gasto registrado en FY24.,Baja,Abierto,,
,,,LIMPIEZA OFICINAS,62900006,(7),(7),(5),(5),,(1),(0),,12%,1%,,"(0,1%)","(0,1%)","(0,1%)","(0,1%)",,"0,0 p.p.","0,0 p.p.",,,,,,
,,,CUOTAS FEDERACION ESPAÑOLA RE,62900009,(3),(4),(4),(3),,(1),1,,16%,-33%,,"(0,0%)","(0,0%)","(0,1%)","(0,0%)",,"(0,0 p.p.)","0,0 p.p.",,,,,,
,,,TELEFONIA FIJA,62900015,(2),(3),(2),(2),,(1),0,,61%,-2%,,"(0,0%)","(0,0%)","(0,0%)","(0,0%)",,"(0,0 p.p.)","0,0 p.p.",,,,,,
,,,GESTION DE RESIDUOS,62900003,(1),(1),(0),(2),,(0),(1),,29%,323%,,"(0,0%)","(0,0%)","(0,0%)","(0,0%)",,"(0,0 p.p.)","(0,0 p.p.)",,,,,,
,,,SERVICIOS DE PREVENCION,62900016,(1),(3),(1),(1),,(1),0,,71%,-9%,,"(0,0%)","(0,0%)","(0,0%)","(0,0%)",,"(0,0 p.p.)","0,0 p.p.",,,,,,
,,,SISTEMA DE ALARMA,62900012,(3),(1),(1),(1),,2,(0),,-62%,14%,,"(0,0%)","(0,0%)","(0,0%)","(0,0%)",,"0,0 p.p.","(0,0 p.p.)",,,,,,
,,,GASTOS NO DEDUCIBLES,62900666, -  ,(1),(1),(1),,(1),(0),,0%,46%,,-,"(0,0%)","(0,0%)","(0,0%)",,"(0,0 p.p.)","(0,0 p.p.)",,,,,,
,,,TELEFONIA MOVIL,62900001,(6),(1),(0),(1),,5,(0),,-89%,106%,,"(0,1%)","(0,0%)","(0,0%)","(0,0%)",,"0,1 p.p.","(0,0 p.p.)",,,,,,
,,,Otros servicios,62900000,(0), -  , -  ,(1),,0,(1),,-100%,0%,,"(0,0%)",-,-,"(0,0%)",,"0,0 p.p.","(0,0 p.p.)",,,,,,
,,,ALOJAMIENTO,62900014,(2),(2),(2),(0),,(0),2,,9%,-93%,,"(0,0%)","(0,0%)","(0,0%)","(0,0%)",,"0,0 p.p.","0,0 p.p.",,,,,,
,,,CUOTA SERV INTERNET,62900017,(1),(1), -  , -  ,,0,-,,-43%,0%,,"(0,0%)","(0,0%)",-,-,,"0,0 p.p.",-,,,,,,
,,,CUOTAS CAMARA DE COMERCIO GIJO,62900011,(1),(1),(1), -  ,,(0),1,,2%,-100%,,"(0,0%)","(0,0%)","(0,0%)",-,,"0,0 p.p.","0,0 p.p.",,,,,,
,,,CONTROL STOCKS AUDITORIA,62900010,(0), -  , -  , -  ,,0,-,,-100%,0%,,"(0,0%)",-,-,-,,"0,0 p.p.",-,,,,,,
,,Insurance premiums,Primas de seguros,62500000,(37),(40),(29),(28),,(3),2,,9%,-5%,,"(0,5%)","(0,4%)","(0,5%)","(0,4%)",,"0,0 p.p.","0,0 p.p.",,(i) Comentar de manera general las pólizas que tiene la Compañía,Baja,Abierto,,
,,,*** SIN DESCRIPCION *,62548000, -  , -  , -  ,(5),,-,(5),,0%,0%,,-,-,-,"(0,1%)",,-,"(0,1 p.p.)",,,,,,
,,"Advertising, publicity and PR","Publicidad, propaganda y relaciones públicas",62700000,(38),(41),(15),(17),,(3),(2),,9%,15%,,"(0,5%)","(0,4%)","(0,2%)","(0,3%)",,"0,0 p.p.","(0,0 p.p.)",,,,,,
,,Leases,RENTING KIA EMPRESA,62100002,(3),(6),(4),(3),,(3),1,,83%,-36%,,"(0,0%)","(0,1%)","(0,1%)","(0,0%)",,"(0,0 p.p.)","0,0 p.p.",,,,,,
,,,ALQUILER MAQUINARIA,62100001,(11),(4),(4),(1),,6,3,,-59%,-74%,,"(0,1%)","(0,0%)","(0,1%)","(0,0%)",,"0,1 p.p.","0,1 p.p.",,(i) Explicar el mayor gasto registrado en FY23,Baja,Abierto,,
,,Banking and similar services,Servicios bancarios y similares,62600000,(4),(6),(2),(3),,(2),(1),,38%,33%,,"(0,1%)","(0,1%)","(0,0%)","(0,0%)",,"(0,0 p.p.)","(0,0 p.p.)",,,,,,
,,Taxes,Otros tributos,63100000,(13),(8),(1),(1),,5,0,,-38%,-23%,,"(0,2%)","(0,1%)","(0,0%)","(0,0%)",,"0,1 p.p.","0,0 p.p.",,(i) Explicar el mayor gasto registrado en FY23,Baja,Abierto,,
,,"Losses, impairment and changes in trade provisions",PERD. CRÉD. COMER. INCOBRABLES,65000000,(0), -  , -  , -  ,,0,-,,-100%,0%,,"(0,0%)",-,-,-,,"0,0 p.p.",-,,,,,,
EBITDA Total,,,,,2.358 ,2.627 ,1.789 ,1.873 ,,269,84,,11%,5%,,"29,0%","28,3%","28,8%","29,2%",,"(0,7 p.p.)","0,4 p.p.",,,,,,
No EBITDA,D&A,Depreciation,Amortización del inmovilizado material,68100000,(53),(100),(67),(67),,(47),0,,89%,0%,,"(0,7%)","(1,1%)","(1,1%)","(1,0%)",,"(0,4 p.p.)","0,0 p.p.",,,,,,
,,,DOT. AMORT. MAQUINA POLYFINDER,68130073,(86),(86),(57),(57),,-,0,,0%,0%,,"(1,1%)","(0,9%)","(0,9%)","(0,9%)",,"0,1 p.p.","0,0 p.p.",,,,,,
,,,DOT. AMORT.MAQUINA PULPO SENNE,68130074,(49),(49),(33),(33),,0,0,,0%,0%,,"(0,6%)","(0,5%)","(0,5%)","(0,5%)",,"0,1 p.p.","0,0 p.p.",,,,,,
,,,DOT. AMORT. NAVE INDUSTRIAL,68110001,(7),(7),(15),(15),,(0),0,,0%,0%,,"(0,1%)","(0,1%)","(0,2%)","(0,2%)",,"0,0 p.p.","0,0 p.p.",,,,,,
,,,DOT. AMOR. CINTAS TRANSPORTADO,68130075,(15),(15),(10),(10),,-,0,,0%,0%,,"(0,2%)","(0,2%)","(0,2%)","(0,2%)",,"0,0 p.p.","0,0 p.p.",,,,,,
,,,DOT. AMORT.COMPRESOR MÓVIL ATL,68130076,(10),(10),(7),(7),,0,0,,0%,0%,,"(0,1%)","(0,1%)","(0,1%)","(0,1%)",,"0,0 p.p.","0,0 p.p.",,,,,,
,,,DOT. AMORT.ESTRUCTURA,68150032, -  ,(10), -  ,(6),,(10),(6),,0%,0%,,-,"(0,1%)",-,"(0,1%)",,"(0,1 p.p.)","(0,1 p.p.)",,,,,,
,,,DOT AMORT. INDUCTOR D,68130116, -  ,(10), -  ,(6),,(10),(6),,0%,0%,,-,"(0,1%)",-,"(0,1%)",,"(0,1 p.p.)","(0,1 p.p.)",,,,,,
,,,DOT. AMORT. CABINA DE,68150035, -  ,(8), -  ,(5),,(8),(5),,0%,0%,,-,"(0,1%)",-,"(0,1%)",,"(0,1 p.p.)","(0,1 p.p.)",,,,,,
,,,DOT. AMORT. PICK UP,68180003,(7),(7),(5),(5),,0,0,,0%,0%,,"(0,1%)","(0,1%)","(0,1%)","(0,1%)",,"0,0 p.p.","0,0 p.p.",,,,,,
,,,AMORTIZACION CASETAS,68130127, -  ,(6), -  ,(4),,(6),(4),,0%,0%,,-,"(0,1%)",-,"(0,1%)",,"(0,1 p.p.)","(0,1 p.p.)",,,,,,
,,,DOT. AMORT. VIBRANTES,68130087, -  ,(6), -  ,(4),,(6),(4),,0%,0%,,-,"(0,1%)",-,"(0,1%)",,"(0,1 p.p.)","(0,1 p.p.)",,,,,,
,,,DOT. AMORT. INDUCTORE,68130135, -  ,(3),(1),(4),,(3),(2),,0%,165%,,-,"(0,0%)","(0,0%)","(0,1%)",,"(0,0 p.p.)","(0,0 p.p.)",,,,,,
,,,DOT. AMORT. TK200E KENWOOD WAL,68130086,(0),(0),(3),(3),,(0),(1),,0%,18%,,"(0,0%)","(0,0%)","(0,0%)","(0,1%)",,"0,0 p.p.","(0,0 p.p.)",,,,,,
,,,DOT. AMORT. ESTRUCTURA FINDER,68100035,(5),(5),(3),(3),,(0),0,,0%,0%,,"(0,1%)","(0,1%)","(0,1%)","(0,1%)",,"0,0 p.p.","0,0 p.p.",,,,,,
,,,DOT. AMORTIZACION DEN,68130132, -  ,(4),(2),(3),,(4),(1),,0%,43%,,-,"(0,0%)","(0,0%)","(0,1%)",,"(0,0 p.p.)","(0,0 p.p.)",,,,,,
,,,DOT. AMORT. MAQUINA L,68130111, -  ,(5), -  ,(3),,(5),(3),,0%,0%,,-,"(0,0%)",-,"(0,0%)",,"(0,0 p.p.)","(0,0 p.p.)",,,,,,
,,,,68130061, -  ,(1), -  , -  ,,(1),-,,0%,0%,,-,"(0,0%)",-,-,,"(0,0 p.p.)",-,,,,,,
,,,DOT. AMORT.MAQUINA VIS II,68130068,(4),(4),(3),(3),,0,0,,0%,0%,,"(0,1%)","(0,0%)","(0,0%)","(0,0%)",,"0,0 p.p.","0,0 p.p.",,,,,,
,,,DOT. AMORT. MAQUINA COMBISENSE,68130056,(3),(3),(2),(2),,0,0,,0%,0%,,"(0,0%)","(0,0%)","(0,0%)","(0,0%)",,"0,0 p.p.","0,0 p.p.",,,,,,
,,,DOT. AMORT. ESTRUCTUR,68150014, -  , -  , -  ,(0),,-,(0),,0%,0%,,-,-,-,"(0,0%)",,-,"(0,0 p.p.)",,,,,,
,,,,68130136, -  ,(1), -  ,(2),,(1),(2),,0%,0%,,-,"(0,0%)",-,"(0,0%)",,"(0,0 p.p.)","(0,0 p.p.)",,,,,,
,,,DOT. AMORT. COMPRESORES MONTAJ,68130081,(2),(2),(2),(2),,-,0,,0%,0%,,"(0,0%)","(0,0%)","(0,0%)","(0,0%)",,"0,0 p.p.","0,0 p.p.",,,,,,
,,,DOT. AMORT. INSTALACI,68150020, -  ,(0), -  , -  ,,(0),-,,0%,0%,,-,"(0,0%)",-,-,,"(0,0 p.p.)",-,,,,,,
,,,,68150024, -  ,(1), -  ,(1),,(1),(1),,0%,0%,,-,"(0,0%)",-,"(0,0%)",,"(0,0 p.p.)","(0,0 p.p.)",,,,,,
,,,,68150034, -  ,(1), -  ,(1),,(1),(1),,0%,0%,,-,"(0,0%)",-,"(0,0%)",,"(0,0 p.p.)","(0,0 p.p.)",,,,,,
,,,DOT. AMORT. INST NAVE,68150025, -  ,(1), -  ,(1),,(1),(1),,0%,0%,,-,"(0,0%)",-,"(0,0%)",,"(0,0 p.p.)","(0,0 p.p.)",,,,,,
,,,,68150026, -  ,(1), -  ,(1),,(1),(1),,0%,0%,,-,"(0,0%)",-,"(0,0%)",,"(0,0 p.p.)","(0,0 p.p.)",,,,,,
,,,DOT. AMORT. MONTAJES CASETA,68130082,(2),(2),(1),(1),,0,0,,0%,0%,,"(0,0%)","(0,0%)","(0,0%)","(0,0%)",,"0,0 p.p.","0,0 p.p.",,,,,,
,,,DOT. AMORT. TRANSPORT,68130088, -  ,(2), -  ,(1),,(2),(1),,0%,0%,,-,"(0,0%)",-,"(0,0%)",,"(0,0 p.p.)","(0,0 p.p.)",,,,,,
,,,,68130139, -  ,(4), -  , -  ,,(4),-,,0%,0%,,-,"(0,0%)",-,-,,"(0,0 p.p.)",-,,,,,,
,,,DOT. AMORT. SERVIDOR,68170010, -  ,(2), -  ,(1),,(2),(1),,0%,0%,,-,"(0,0%)",-,"(0,0%)",,"(0,0 p.p.)","(0,0 p.p.)",,,,,,
,,,DOT. AMORT. PIEZAS HO,68150027, -  ,(2), -  ,(1),,(2),(1),,0%,0%,,-,"(0,0%)",-,"(0,0%)",,"(0,0 p.p.)","(0,0 p.p.)",,,,,,
,,,DO. AMORT. CARRETILLA ELEVADOR,68130083,(2),(2),(1),(1),,-,0,,0%,0%,,"(0,0%)","(0,0%)","(0,0%)","(0,0%)",,"0,0 p.p.","0,0 p.p.",,,,,,
,,,DOTACIONES PARA AMORTIZACIONES,68130080,(2),(2),(1),(1),,(0),0,,0%,0%,,"(0,0%)","(0,0%)","(0,0%)","(0,0%)",,"0,0 p.p.","0,0 p.p.",,,,,,
,,,DOT. AMOR. LINEA POLI,68150031, -  ,(1), -  ,(1),,(1),(1),,0%,0%,,-,"(0,0%)",-,"(0,0%)",,"(0,0 p.p.)","(0,0 p.p.)",,,,,,
,,,DOT. AMORT. CINTA TRA,68140002, -  ,(1), -  ,(1),,(1),(1),,0%,0%,,-,"(0,0%)",-,"(0,0%)",,"(0,0 p.p.)","(0,0 p.p.)",,,,,,
,,,DOT. AMORT. SISTEMA P,68130114, -  ,(1), -  ,(1),,(1),(1),,0%,0%,,-,"(0,0%)",-,"(0,0%)",,"(0,0 p.p.)","(0,0 p.p.)",,,,,,
,,,DOT. AMORT.MAQUINA FILTRO DE A,68130063,(2),(2),(1),(1),,(0),1,,0%,-50%,,"(0,0%)","(0,0%)","(0,0%)","(0,0%)",,"0,0 p.p.","0,0 p.p.",,,,,,
,,,DOT. AMORT. INSTA. RE,68130129, -  ,(1), -  ,(1),,(1),(1),,0%,0%,,-,"(0,0%)",-,"(0,0%)",,"(0,0 p.p.)","(0,0 p.p.)",,,,,,
,,,DOT. AMROT. EQUIPO CLIMATIZA O,68130062,(1),(1),(1),(1),,-,0,,0%,0%,,"(0,0%)","(0,0%)","(0,0%)","(0,0%)",,"0,0 p.p.","0,0 p.p.",,,,,,
,,,DOT. AMORT. BARREDORA EMULSA,68130069,(1),(1),(1),(1),,-,0,,0%,0%,,"(0,0%)","(0,0%)","(0,0%)","(0,0%)",,"0,0 p.p.","0,0 p.p.",,,,,,
,,,DOT. AMORT. BARREDORA,68130109, -  ,(1), -  ,(1),,(1),(1),,0%,0%,,-,"(0,0%)",-,"(0,0%)",,"(0,0 p.p.)","(0,0 p.p.)",,,,,,
,,,DOT. AMORT. CAÑON DE,68130113, -  ,(1), -  ,(0),,(1),(0),,0%,0%,,-,"(0,0%)",-,"(0,0%)",,"(0,0 p.p.)","(0,0 p.p.)",,,,,,
,,,DOT. AMORT. CHAPA LAGRIMADA S2,68130072,(1),(1),(0),(0),,-,0,,0%,0%,,"(0,0%)","(0,0%)","(0,0%)","(0,0%)",,"0,0 p.p.","0,0 p.p.",,,,,,
,,,DOT. AMORT. MS SURFAC,68170009, -  ,(1), -  ,(0),,(1),(0),,0%,0%,,-,"(0,0%)",-,"(0,0%)",,"(0,0 p.p.)","(0,0 p.p.)",,,,,,
,,,DOT. AMORT. CAÑON DE AIRE AIR,68130084,(0),(0),(0),(0),,0,0,,0%,0%,,"(0,0%)","(0,0%)","(0,0%)","(0,0%)",,"0,0 p.p.","0,0 p.p.",,,,,,
,,,DOOT. AMORT. CONSTRUC,68150023, -  ,(0), -  ,(0),,(0),(0),,0%,0%,,-,"(0,0%)",-,"(0,0%)",,"(0,0 p.p.)","(0,0 p.p.)",,,,,,
,,,DOT. AMORTIZACION CON,68130131, -  ,(0),(0),(0),,(0),(0),,0%,32%,,-,"(0,0%)","(0,0%)","(0,0%)",,"(0,0 p.p.)","(0,0 p.p.)",,,,,,
,,,DOT.AMORT. ADECUACION,68150021, -  ,(0), -  ,(0),,(0),(0),,0%,0%,,-,"(0,0%)",-,"(0,0%)",,"(0,0 p.p.)","(0,0 p.p.)",,,,,,
,,,DOT. AMORT. MONTAJE I,68150033, -  ,(0), -  ,(0),,(0),(0),,0%,0%,,-,"(0,0%)",-,"(0,0%)",,"(0,0 p.p.)","(0,0 p.p.)",,,,,,
,,,DOT. AMORTIZACION  AR,68160126, -  ,(0), -  ,(0),,(0),(0),,0%,0%,,-,"(0,0%)",-,"(0,0%)",,"(0,0 p.p.)","(0,0 p.p.)",,,,,,
,,,"DOT, AMORT. ARMARIO O",68160004, -  ,(0), -  ,(0),,(0),(0),,0%,0%,,-,"(0,0%)",-,"(0,0%)",,"(0,0 p.p.)","(0,0 p.p.)",,,,,,
,,,DOT AMORT ARMARIOS RO,68160007, -  ,(0), -  ,(0),,(0),(0),,0%,0%,,-,"(0,0%)",-,"(0,0%)",,"(0,0 p.p.)","(0,0 p.p.)",,,,,,
,,,DOT. AMORT. TAQUILLAS,68160128, -  ,(0), -  ,(0),,(0),(0),,0%,0%,,-,"(0,0%)",-,"(0,0%)",,"(0,0 p.p.)","(0,0 p.p.)",,,,,,
,,,DOT. AMORT. MESA Y SI,68160133, -  ,(0),(0),(0),,(0),(0),,0%,95%,,-,"(0,0%)","(0,0%)","(0,0%)",,"(0,0 p.p.)","(0,0 p.p.)",,,,,,
,,,DOT. AMORT. SILLAS DE,68160117, -  ,(0), -  ,(0),,(0),(0),,0%,0%,,-,"(0,0%)",-,"(0,0%)",,"(0,0 p.p.)","(0,0 p.p.)",,,,,,
,,,DOT. AMORT. TRANSPALE,68130110, -  ,(0), -  ,(0),,(0),(0),,0%,0%,,-,"(0,0%)",-,"(0,0%)",,"(0,0 p.p.)","(0,0 p.p.)",,,,,,
,,,DOT. AMORT.MAQUINA BARREDORA E,68130064,(0),(0),(0),(0),,(0),0,,0%,0%,,"(0,0%)","(0,0%)","(0,0%)","(0,0%)",,"0,0 p.p.","0,0 p.p.",,,,,,
,,,DOT. AMORT. SISTEMA D,68150022, -  ,(3), -  ,(0),,(3),(0),,0%,0%,,-,"(0,0%)",-,"(0,0%)",,"(0,0 p.p.)","(0,0 p.p.)",,,,,,
,,,DOT. AMORT. CONSTRUCCION MURO,68150023,(0), -  ,(0), -  ,,0,0,,-100%,-100%,,"(0,0%)",-,"(0,0%)",-,,"0,0 p.p.","0,0 p.p.",,,,,,
,,,DOT. AMORT. MS SURFACE 2022 PR,68170009,(1),(0),(0), -  ,,1,0,,-100%,-100%,,"(0,0%)","(0,0%)","(0,0%)",-,,"0,0 p.p.","0,0 p.p.",,,,,,
,,,DOT. AMORT. ADECUACION OFICINA,68150021,(0), -  ,(0), -  ,,0,0,,-100%,-100%,,"(0,0%)",-,"(0,0%)",-,,"0,0 p.p.","0,0 p.p.",,,,,,
,,,DOT. AMORT. CINTA TRANSPORTADO,68140002,(1), -  ,(1), -  ,,1,1,,-100%,-100%,,"(0,0%)",-,"(0,0%)",-,,"0,0 p.p.","0,0 p.p.",,,,,,
,,,DOT. AMORT. SISTEMA DE ASPIRAC,68150022,(3), -  ,(2), -  ,,3,2,,-100%,-100%,,"(0,0%)",-,"(0,0%)",-,,"0,0 p.p.","0,0 p.p.",,,,,,
,,,DOT. AMORT. SERVIDOR HD PROLIA,68170010,(2), -  ,(1), -  ,,2,1,,-100%,-100%,,"(0,0%)",-,"(0,0%)",-,,"0,0 p.p.","0,0 p.p.",,,,,,
,,,DOT. AMORT. MAQUINA LINDE H30D,68130111,(3), -  ,(3), -  ,,3,3,,-100%,-100%,,"(0,0%)",-,"(0,0%)",-,,"0,0 p.p.","0,0 p.p.",,,,,,
,,,DOT. AMORT.,68130058,(2),(2),(1), -  ,,0,1,,-8%,-100%,,"(0,0%)","(0,0%)","(0,0%)",-,,"0,0 p.p.","0,0 p.p.",,,,,,
,,,DOT. AMORT. INSTALACION PREFAB,68150024,(1),0 ,(1), -  ,,1,1,,-100%,-100%,,"(0,0%)","0,0%","(0,0%)",-,,"0,0 p.p.","0,0 p.p.",,,,,,
,,,DOT. AMORT. VEHICULO J,68180002,(16), -  ,(10), -  ,,16,10,,-100%,-100%,,"(0,2%)",-,"(0,2%)",-,,"0,2 p.p.","0,2 p.p.",,,,,,
,,,DOT. AMORT. SISTEMA PESAJE+IMP,68130114,(1), -  ,(1), -  ,,1,1,,-100%,-100%,,"(0,0%)",-,"(0,0%)",-,,"0,0 p.p.","0,0 p.p.",,,,,,
,,,DOT. AMORT. VEHICULO,68180002, -  ,(16), -  , -  ,,(16),-,,0%,0%,,-,"(0,2%)",-,-,,"(0,2 p.p.)",-,,,,,,
,,,DOT. AMORT. MAQUINA LEASING NU,68130061,(3),(0),(1), -  ,,3,1,,-100%,-100%,,"(0,0%)","(0,0%)","(0,0%)",-,,"0,0 p.p.","0,0 p.p.",,,,,,
,,,DOT. AMORT. ESTRUCTURA PANELES,68150014,(0), -  ,(0), -  ,,0,0,,-100%,-100%,,"(0,0%)",-,"(0,0%)",-,,"0,0 p.p.","0,0 p.p.",,,,,,
,,,DOT. AMORT. INDUCTOR DRUM 331,68130116,(5), -  ,(6), -  ,,5,6,,-100%,-100%,,"(0,1%)",-,"(0,1%)",-,,"0,1 p.p.","0,1 p.p.",,,,,,
,,,AMORT.MAQUINA FLOTACION ELORRI,68130054, -  , -  , -  , -  ,,-,-,,0%,0%,,-,-,-,-,,-,-,,,,,,
,,,AMORT.MAQUINA FLOTACI,68130054, -  ,(0), -  , -  ,,(0),-,,0%,0%,,-,"(0,0%)",-,-,,"(0,0 p.p.)",-,,,,,,
,,,DOT. AMORT. INSTALACION BLOQUE,68150020,(0), -  ,(0), -  ,,0,0,,-100%,-100%,,"(0,0%)",-,"(0,0%)",-,,"0,0 p.p.","0,0 p.p.",,,,,,
,,,AMORTIZACION CASETAS M.A.M.,68130127, -  , -  ,(4), -  ,,-,4,,0%,-100%,,-,-,"(0,1%)",-,,-,"0,1 p.p.",,,,,,
,,,DOT. AMORT. BARREDORA SANFER 2,68130109,(1), -  ,(1), -  ,,1,1,,-100%,-100%,,"(0,0%)",-,"(0,0%)",-,,"0,0 p.p.","0,0 p.p.",,,,,,
,,,DOT. AMORT. CABINA DE TRIAJE,68150035,(8),(0),(5), -  ,,8,5,,-100%,-100%,,"(0,1%)","(0,0%)","(0,1%)",-,,"0,1 p.p.","0,1 p.p.",,,,,,
,,,DOT AMORT. INDUCTOR DRUM 331 3,68130116, -  , -  , -  , -  ,,-,-,,0%,0%,,-,-,-,-,,-,-,,,,,,
,,,DOT.  AMORT. ARMARIO OFICINAS,68160004,(0), -  ,(0), -  ,,0,0,,-100%,-100%,,"(0,0%)",-,"(0,0%)",-,,"0,0 p.p.","0,0 p.p.",,,,,,
,,,DOT.AMORT. ADECUACION OFICINA,68150021, -  , -  , -  , -  ,,-,-,,0%,0%,,-,-,-,-,,-,-,,,,,,
,,,DOT.  AMORT ARMS ROJOS WURTH,68160007,(0), -  ,(0), -  ,,0,0,,-100%,-100%,,"(0,0%)",-,"(0,0%)",-,,"0,0 p.p.","0,0 p.p.",,,,,,
,,,DOOT. AMORT. CONSTRUCCION MURO,68150023, -  , -  , -  , -  ,,-,-,,0%,0%,,-,-,-,-,,-,-,,,,,,
,,,DOT.  AMORT. LICENCIAS A3,68160115,(1), -  ,(1), -  ,,1,1,,-100%,-100%,,"(0,0%)",-,"(0,0%)",-,,"0,0 p.p.","0,0 p.p.",,,,,,
,,,"DOT, AMORT. ARMARIO OFICINAS",68160004, -  , -  , -  , -  ,,-,-,,0%,0%,,-,-,-,-,,-,-,,,,,,
,,,DOT. AMORT. CINTAS TRANSPORTAD,68130057,(8),0 ,(1), -  ,,8,1,,-100%,-100%,,"(0,1%)","0,0%","(0,0%)",-,,"0,1 p.p.","0,0 p.p.",,,,,,
,,,DOT AMORT ARMARIOS ROJOS WURTH,68160007, -  , -  , -  , -  ,,-,-,,0%,0%,,-,-,-,-,,-,-,,,,,,
,,,DOT. AMORT. VIBRANTES COMBI 2,68130087,(6), -  ,(4), -  ,,6,4,,-100%,-100%,,"(0,1%)",-,"(0,1%)",-,,"0,1 p.p.","0,1 p.p.",,,,,,
,,,DOTACION AMORT. LICENCIAS A3,68160115, -  , -  , -  , -  ,,-,-,,0%,0%,,-,-,-,-,,-,-,,,,,,
,,,DOT. AMORT. CINTAS TR,68130057, -  ,(1), -  , -  ,,(1),-,,0%,0%,,-,"(0,0%)",-,-,,"(0,0 p.p.)",-,,,,,,
,,,DOT. AMORT GRUA LIEBHER 924,68130029,(1), -  , -  , -  ,,1,-,,-100%,0%,,"(0,0%)",-,-,-,,"0,0 p.p.",-,,,,,,
,,,DOT. AMORT. TRANSPALETA PESADO,68130110,(0), -  ,(0), -  ,,0,0,,-100%,-100%,,"(0,0%)",-,"(0,0%)",-,,"0,0 p.p.","0,0 p.p.",,,,,,
,,,DOT. AMORT. MAQUINA DAMBOR,68130030,(1), -  , -  , -  ,,1,-,,-100%,0%,,"(0,0%)",-,-,-,,"0,0 p.p.",-,,,,,,
,,,DOT. AMORT. CAÑON DE AGUA,68130113,(0), -  ,(0), -  ,,0,0,,-100%,-100%,,"(0,0%)",-,"(0,0%)",-,,"0,0 p.p.","0,0 p.p.",,,,,,
,,,DOT. AMORT.  MOTOREDUCGTOR,68130048,(0), -  , -  , -  ,,0,-,,-100%,0%,,"(0,0%)",-,-,-,,"0,0 p.p.",-,,,,,,
,,,DOT. AMORT. PIEZAS HORMIGON SE,68150027,(2), -  ,(1), -  ,,2,1,,-100%,-100%,,"(0,0%)",-,"(0,0%)",-,,"0,0 p.p.","0,0 p.p.",,,,,,
,,,DOT. AMORT.  CINTA TRANSPORT,68130049,(0), -  , -  , -  ,,0,-,,-100%,0%,,"(0,0%)",-,-,-,,"0,0 p.p.",-,,,,,,
,,,DOT. AMORT.ESTRUCTURA METALICA,68150032,(10), -  ,(6), -  ,,10,6,,-100%,-100%,,"(0,1%)",-,"(0,1%)",-,,"0,1 p.p.","0,1 p.p.",,,,,,
,,,DOT. AMORT. TURBO VOLVO L 70,68130050,(0), -  , -  , -  ,,0,-,,-100%,0%,,"(0,0%)",-,-,-,,"0,0 p.p.",-,,,,,,
,,,DOT. AMORT. INSTALACIÓN DE AIR,68150034,(1), -  ,(1), -  ,,1,1,,-100%,-100%,,"(0,0%)",-,"(0,0%)",-,,"0,0 p.p.","0,0 p.p.",,,,,,
,,,DOT. AMORT.  TURBO VOLVO L 70,68130051,(1), -  , -  , -  ,,1,-,,-100%,0%,,"(0,0%)",-,-,-,,"0,0 p.p.",-,,,,,,
,,,DOT. AMORT. INSTA. RED AIRE MA,68130129, -  , -  ,(1), -  ,,-,1,,0%,-100%,,-,-,"(0,0%)",-,,-,"0,0 p.p.",,,,,,
,,,DOT.AMORT.  MAQUINA CETRISA II,68130052,(6), -  , -  , -  ,,6,-,,-100%,0%,,"(0,1%)",-,-,-,,"0,1 p.p.",-,,,,,,
,,,DOT. AMORT. SILLAS DESPACHO 23,68160117,(0), -  ,(0), -  ,,0,0,,-100%,-100%,,"(0,0%)",-,"(0,0%)",-,,"0,0 p.p.","0,0 p.p.",,,,,,
,,,"DOT, AMORT MAQ. VOLVO L70H",68130053,(14), -  , -  , -  ,,14,-,,-100%,0%,,"(0,2%)",-,-,-,,"0,2 p.p.",-,,,,,,
,,,DOT. AMORT. TAQUILLAS VESTUARI,68160128,(0), -  ,(0), -  ,,0,0,,-100%,-100%,,"(0,0%)",-,"(0,0%)",-,,"0,0 p.p.","0,0 p.p.",,,,,,
,,,DOT. AMORT. MAQUINA MANITOU ML,68130059,(17), -  , -  , -  ,,17,-,,-100%,0%,,"(0,2%)",-,-,-,,"0,2 p.p.",-,,,,,,
,,,COT. AMORT MAQ TOMRA COMBISESE,68130060,(48),(9),(32), -  ,,39,32,,-82%,-100%,,"(0,6%)","(0,1%)","(0,5%)",-,,"0,5 p.p.","0,5 p.p.",,,,,,
,,,DOT. AMORT. MAQUINA SOLDAR MIG,68130085,(0), -  , -  , -  ,,0,-,,-100%,0%,,"(0,0%)",-,-,-,,"0,0 p.p.",-,,,,,,
,,,DOT. AMOR. LINEA POLIFINDER,68150031,(1), -  ,(1), -  ,,1,1,,-100%,-100%,,"(0,0%)",-,"(0,0%)",-,,"0,0 p.p.","0,0 p.p.",,,,,,
,,,DOT. AMORT. ALARMA CONTRA INCE,68150015,(0), -  , -  , -  ,,0,-,,-100%,0%,,"(0,0%)",-,-,-,,"0,0 p.p.",-,,,,,,
,,,DOT. AMORT. MAQ. FLOTELORRI,68130054,(2), -  ,(0), -  ,,2,0,,-100%,-100%,,"(0,0%)",-,"(0,0%)",-,,"0,0 p.p.","0,0 p.p.",,,,,,
,,,DOT. AMORT. CONST MUROS HORMIG,68150019,(1), -  , -  , -  ,,1,-,,-100%,0%,,"(0,0%)",-,-,-,,"0,0 p.p.",-,,,,,,
,,,DOT. AMORTIZACION  ARMARIO OFI,68160126, -  , -  ,(0), -  ,,-,0,,0%,-100%,,-,-,"(0,0%)",-,,-,"0,0 p.p.",,,,,,
,,,DOT.  PARA AMORTIZACIONES,68170008,(0), -  , -  , -  ,,0,-,,-100%,0%,,"(0,0%)",-,-,-,,"0,0 p.p.",-,,,,,,
,,,DOT. AMORT. INST NAVE SALTOKI,68150025,(1), -  ,(1), -  ,,1,1,,-100%,-100%,,"(0,0%)",-,"(0,0%)",-,,"0,0 p.p.","0,0 p.p.",,,,,,
,,,,68150026,(1), -  ,(1), -  ,,1,1,,-100%,-100%,,"(0,0%)",-,"(0,0%)",-,,"0,0 p.p.","0,0 p.p.",,,,,,
,,,DOT. AMORT. VEHICULO R,68180001,(7), -  , -  , -  ,,7,-,,-100%,0%,,"(0,1%)",-,-,-,,"0,1 p.p.",-,,,,,,
,,,DOT. AMORT. MAQUINA S,68130085, -  ,(0), -  , -  ,,(0),-,,0%,0%,,-,"(0,0%)",-,-,,"(0,0 p.p.)",-,,,,,,
,,,DOT. AMORT. LEASING ABANCA,68130028,(0), -  , -  , -  ,,0,-,,-100%,0%,,"(0,0%)",-,-,-,,"0,0 p.p.",-,,,,,,
,,,DOT. AMORT. MONTAJE INSTALACIÓ,68150033,(0), -  ,(0), -  ,,0,0,,-100%,-100%,,"(0,0%)",-,"(0,0%)",-,,"0,0 p.p.","0,0 p.p.",,,,,,
,,,DOT. AMORT. CAMPANA I,68130137, -  ,(0), -  , -  ,,(0),-,,0%,0%,,-,"(0,0%)",-,-,,"(0,0 p.p.)",-,,,,,,
,,,DOT. AMORT. TRANSPORTADOR VIBR,68130088,(2), -  ,(1), -  ,,2,1,,-100%,-100%,,"(0,0%)",-,"(0,0%)",-,,"0,0 p.p.","0,0 p.p.",,,,,,
,,,DOT. AMORTI. PLATAFOR,68130138, -  ,(0), -  , -  ,,(0),-,,0%,0%,,-,"(0,0%)",-,-,,"(0,0 p.p.)",-,,,,,,
,,Amortization,DOT. AMORT. INM. INMA,68000000, -  ,(2), -  ,(1),,(2),(1),,0%,0%,,-,"(0,0%)",-,"(0,0%)",,"(0,0 p.p.)","(0,0 p.p.)",,,,,,
,Other results,Extraordinary expenses,Gastos excepcionales,67800000, -  ,0 ,0 , -  ,,0,(0),,0%,-100%,,-,"0,0%","0,0%",-,,"0,0 p.p.","(0,0 p.p.)",,,,,,
,,"Impairment losses on property, plant and equipment",B PROCEDENTES INMOV. MATERIAL,77100000,121 ,14 , -  ,19 ,,(107),19,,-88%,0%,,"1,5%","0,2%",-,"0,3%",,"(1,3 p.p.)","0,3 p.p.",,(i) Explicar la naturaleza de la cuenta en FY23,Media,Abierto,,
,,Extraordinary income,Ingresos excepcionales,77800000,6 ,3 ,3 ,164 ,,(2),161,,-41%,6389%,,"0,1%","0,0%","0,0%","2,6%",,"(0,0 p.p.)","2,5 p.p.",,(i) Explicar el mayor gasto registrado en YTD25,Media,Abierto,,
,Financial results,Financial expenses,INTERESES PRESTAMO B,66230015, -  , -  , -  ,(34),,-,(34),,0%,0%,,-,-,-,"(0,5%)",,-,"(0,5 p.p.)",,,,,,
,,,INTERESES LEASING LA CAIXA,66230008,(10),(15),(11),(6),,(6),5,,60%,-47%,,"(0,1%)","(0,2%)","(0,2%)","(0,1%)",,"(0,0 p.p.)","0,1 p.p.",,,,,,
,,,INTERESES LEASING IBERCAJA,66230004,(5),(3),(2),(1),,2,1,,-40%,-43%,,"(0,1%)","(0,0%)","(0,0%)","(0,0%)",,"0,0 p.p.","0,0 p.p.",,,,,,
,,,INTERESES LEASING KUTXA,66230009,(1),(1),(1),(1),,0,0,,-19%,-11%,,"(0,0%)","(0,0%)","(0,0%)","(0,0%)",,"0,0 p.p.","0,0 p.p.",,,,,,
,,,INTERESES LEASING SABADELL,66230007,(3),(1),(1),(1),,1,0,,-56%,-39%,,"(0,0%)","(0,0%)","(0,0%)","(0,0%)",,"0,0 p.p.","0,0 p.p.",,,,,,
,,,INTERESES LEASING CAJA RURAL,66230012,(1),(1),(0),(0),,0,0,,-29%,-34%,,"(0,0%)","(0,0%)","(0,0%)","(0,0%)",,"0,0 p.p.","0,0 p.p.",,,,,,
,,,INTERESES CTA CDTO UNICAJA,66230003,(4),(2),(1),(0),,2,1,,-49%,-85%,,"(0,0%)","(0,0%)","(0,0%)","(0,0%)",,"0,0 p.p.","0,0 p.p.",,,,,,
,,,INTERESES CTA CDTO BANKINTER,66230014,(4),(3),(2),(0),,2,2,,-38%,-88%,,"(0,1%)","(0,0%)","(0,0%)","(0,0%)",,"0,0 p.p.","0,0 p.p.",,,,,,
,,,INTERESES LEASING KUT,66201023, -  , -  , -  ,(0),,-,(0),,0%,0%,,-,-,-,"(0,0%)",,-,"(0,0 p.p.)",,,,,,
,,,INTERESES CTA CDTO IBERCAJA,66230002,(3),(1), -  ,(0),,2,(0),,-68%,0%,,"(0,0%)","(0,0%)",-,"(0,0%)",,"0,0 p.p.","(0,0 p.p.)",,,,,,
,,,INTERESES LEASING UNICAJA,66230005,(0),(0),(0),(0),,0,0,,-67%,-39%,,"(0,0%)","(0,0%)","(0,0%)","(0,0%)",,"0,0 p.p.","0,0 p.p.",,,,,,
,,,INTERESES CTA CDTO KUTXA,66230001,(1),(0),(1),(0),,0,1,,-53%,-97%,,"(0,0%)","(0,0%)","(0,0%)","(0,0%)",,"0,0 p.p.","0,0 p.p.",,,,,,
,,,INT PRESTAMO IBERCAJA 150026,66200005, -  , -  , -  ,(0),,-,(0),,0%,0%,,-,-,-,"(0,0%)",,-,"(0,0 p.p.)",,,,,,
,,,INTERESES CDTO HIPOT SANTANDER,66230000,(8), -  , -  , -  ,,8,-,,-100%,0%,,"(0,1%)",-,-,-,,"0,1 p.p.",-,,,,,,
,,,INTERESES CTA CDTO SANTANDER,66230013,(10), -  , -  , -  ,,10,-,,-100%,0%,,"(0,1%)",-,-,-,,"0,1 p.p.",-,,,,,,
,,,INTERESES LEASING ABANCA,66230006,(0), -  , -  , -  ,,0,-,,-100%,0%,,"(0,0%)",-,-,-,,"0,0 p.p.",-,,,,,,
,,,OTROS GASTOS FINANCIEROS,66900000,(6),(11),(10), -  ,,(5),10,,80%,-100%,,"(0,1%)","(0,1%)","(0,2%)",-,,"(0,0 p.p.)","0,2 p.p.",,,,,,
,,,INTERESES LEASING FCA CAPITAL,66230011,(2), -  , -  , -  ,,2,-,,-100%,0%,,"(0,0%)",-,-,-,,"0,0 p.p.",-,,,,,,
,,Financial income,Otros ingresos financieros,76900000,7 ,28 ,15 ,4 ,,21,(11),,293%,-73%,,"0,1%","0,3%","0,2%","0,1%",,"0,2 p.p.","(0,2 p.p.)",,"(i) Explicar el crecimiento entre FY23 y FY24
(ii) Explicar la disminución entre YTD24 y YTD25",Baja,Abierto,,
,Income tax,Current tax,IMPUESTO CORRIENTE,63000000,(501),(557), -  , -  ,,(56),-,,11%,0%,,"(6,2%)","(6,0%)",-,-,,"0,2 p.p.",-,,,,,,
No EBITDA Total,,,,,(857),(959),(321),(122),,(102),199,,12%,-62%,,"(10,5%)","(10,3%)","(5,2%)","(1,9%)",,"0,2 p.p.","3,3 p.p.",,,,,,
Grand Total,,,,,1.502 ,1.668 ,1.468 ,1.751 ,,166,283,,11%,19%,,"18,5%","18,0%","23,6%","27,3%",,"(0,5 p.p.)","3,6 p.p.",,,,,,
,,,,,,,,,,-,-,,0%,0%,,-,-,-,-,,-,-,,,,,,
,,,,,,,,,,-,-,,0%,0%,,-,-,-,-,,-,-,,,,,,
,,,,,,,,,,-,-,,0%,0%,,-,-,-,-,,-,-,,,,,,
,,,,,,,,,,-,-,,0%,0%,,-,-,-,-,,-,-,,,,,,
,,,,,,,,,,-,-,,0%,0%,,-,-,-,-,,-,-,,,,,,
,,,,,,,,,,-,-,,0%,0%,,-,-,-,-,,-,-,,,,,,
,,,,,,,,,,-,-,,0%,0%,,-,-,-,-,,-,-,,,,,,
,,,,,,,,,,-,-,,0%,0%,,-,-,-,-,,-,-,,,,,,
,,,,,,,,,,-,-,,0%,0%,,-,-,-,-,,-,-,,,,,,
,,,,,,,,,,-,-,,0%,0%,,-,-,-,-,,-,-,,,,,,
,,,,,,,,,,-,-,,0%,0%,,-,-,-,-,,-,-,,,,,,
,,,,,,,,,,-,-,,0%,0%,,-,-,-,-,,-,-,,,,,,
,,,,,,,,,,-,-,,0%,0%,,-,-,-,-,,-,-,,,,,,
,,,,,,,,,,-,-,,0%,0%,,-,-,-,-,,-,-,,,,,,
,,,,,,,,,,-,-,,0%,0%,,-,-,-,-,,-,-,,,,,,
,,,,,,,,,,-,-,,0%,0%,,-,-,-,-,,-,-,,,,,,
,,,,,,,,,,-,-,,0%,0%,,-,-,-,-,,-,-,,,,,,
,,,,,,,,,,-,-,,0%,0%,,-,-,-,-,,-,-,,,,,,
,,,,,,,,,,-,-,,0%,0%,,-,-,-,-,,-,-,,,,,,
,,,,,,,,,,-,-,,0%,0%,,-,-,-,-,,-,-,,,,,,
,,,,,,,,,,-,-,,0%,0%,,-,-,-,-,,-,-,,,,,,
,,,,,,,,,,-,-,,0%,0%,,-,-,-,-,,-,-,,,,,,
,,,,,,,,,,-,-,,0%,0%,,-,-,-,-,,-,-,,,,,,
,,,,,,,,,,-,-,,0%,0%,,-,-,-,-,,-,-,,,,,,
,,,,,,,,,,-,-,,0%,0%,,-,-,-,-,,-,-,,,,,,
,,,,,,,,,,-,-,,0%,0%,,-,-,-,-,,-,-,,,,,,
,,,,,,,,,,-,-,,0%,0%,,-,-,-,-,,-,-,,,,,,
,,,,,,,,,,-,-,,0%,0%,,-,-,-,-,,-,-,,,,,,
,,,,,,,,,,-,-,,0%,0%,,-,-,-,-,,-,-,,,,,,
,,,,,,,,,,-,-,,0%,0%,,-,-,-,-,,-,-,,,,,,
,,,,,,,,,,-,-,,0%,0%,,-,-,-,-,,-,-,,,,,,
,,,,,,,,,,-,-,,0%,0%,,-,-,-,-,,-,-,,,,,,
,,,,,,,,,,-,-,,0%,0%,,-,-,-,-,,-,-,,,,,,
,,,,,,,,,,-,-,,0%,0%,,-,-,-,-,,-,-,,,,,,
,,,,,,,,,,-,-,,0%,0%,,-,-,-,-,,-,-,,,,,,
,,,,,,,,,,-,-,,0%,0%,,-,-,-,-,,-,-,,,,,,
,,,,,,,,,,-,-,,0%,0%,,-,-,-,-,,-,-,,,,,,
,,,,,,,,,,-,-,,0%,0%,,-,-,-,-,,-,-,,,,,,
,,,,,,,,,,-,-,,0%,0%,,-,-,-,-,,-,-,,,,,,
,,,,,,,,,,-,-,,0%,0%,,-,-,-,-,,-,-,,,,,,
,,,,,,,,,,-,-,,0%,0%,,-,-,-,-,,-,-,,,,,,
,,,,,,,,,,-,-,,0%,0%,,-,-,-,-,,-,-,,,,,,
,,,,,,,,,,-,-,,0%,0%,,-,-,-,-,,-,-,,,,,,
,,,,,,,,,,-,-,,0%,0%,,-,-,-,-,,-,-,,,,,,
,,,,,,,,,,-,-,,0%,0%,,-,-,-,-,,-,-,,,,,,
,,,,,,,,,,-,-,,0%,0%,,-,-,-,-,,-,-,,,,,,
,,,,,,,,,,-,-,,0%,0%,,-,-,-,-,,-,-,,,,,,
,,,,,,,,,,-,-,,0%,0%,,-,-,-,-,,-,-,,,,,,
,,,,,,,,,,-,-,,0%,0%,,-,-,-,-,,-,-,,,,,,
,,,,,,,,,,-,-,,0%,0%,,-,-,-,-,,-,-,,,,,,
,,,,,,,,,,-,-,,0%,0%,,-,-,-,-,,-,-,,,,,,
,,,,,,,,,,-,-,,0%,0%,,-,-,-,-,,-,-,,,,,,
,,,,,,,,,,-,-,,0%,0%,,-,-,-,-,,-,-,,,,,,
,,,,,,,,,,-,-,,0%,0%,,-,-,-,-,,-,-,,,,,,
,,,,,,,,,,-,-,,0%,0%,,-,-,-,-,,-,-,,,,,,
,,,,,,,,,,-,-,,0%,0%,,-,-,-,-,,-,-,,,,,,
,,,,,,,,,,-,-,,0%,0%,,-,-,-,-,,-,-,,,,,,
,,,,,,,,,,-,-,,0%,0%,,-,-,-,-,,-,-,,,,,,
,,,,,,,,,,-,-,,0%,0%,,-,-,-,-,,-,-,,,,,,
,,,,,,,,,,-,-,,0%,0%,,-,-,-,-,,-,-,,,,,,
,,,,,,,,,,-,-,,0%,0%,,-,-,-,-,,-,-,,,,,,
,,,,,,,,,,-,-,,0%,0%,,-,-,-,-,,-,-,,,,,,
,,,,,,,,,,-,-,,0%,0%,,-,-,-,-,,-,-,,,,,,
,,,,,,,,,,-,-,,0%,0%,,-,-,-,-,,-,-,,,,,,
,,,,,,,,,,-,-,,0%,0%,,-,-,-,-,,-,-,,,,,,
,,,,,,,,,,-,-,,0%,0%,,-,-,-,-,,-,-,,,,,,
,,,,,,,,,,-,-,,0%,0%,,-,-,-,-,,-,-,,,,,,
,,,,,,,,,,-,-,,0%,0%,,-,-,-,-,,-,-,,,,,,
,,,,,,,,,,-,-,,0%,0%,,-,-,-,-,,-,-,,,,,,
,,,,,,,,,,-,-,,0%,0%,,-,-,-,-,,-,-,,,,,,
,,,,,,,,,,-,-,,0%,0%,,-,-,-,-,,-,-,,,,,,
,,,,,,,,,,-,-,,0%,0%,,-,-,-,-,,-,-,,,,,,
,,,,,,,,,,-,-,,0%,0%,,-,-,-,-,,-,-,,,,,,
,,,,,,,,,,-,-,,0%,0%,,-,-,-,-,,-,-,,,,,,
,,,,,,,,,,-,-,,0%,0%,,-,-,-,-,,-,-,,,,,,
,,,,,,,,,,-,-,,0%,0%,,-,-,-,-,,-,-,,,,,,
,,,,,,,,,,-,-,,0%,0%,,-,-,-,-,,-,-,,,,,,
,,,,,,,,,,-,-,,0%,0%,,-,-,-,-,,-,-,,,,,,
,,,,,,,,,,-,-,,0%,0%,,-,-,-,-,,-,-,,,,,,
,,,,,,,,,,-,-,,0%,0%,,-,-,-,-,,-,-,,,,,,
,,,,,,,,,,-,-,,0%,0%,,-,-,-,-,,-,-,,,,,,
,,,,,,,,,,-,-,,0%,0%,,-,-,-,-,,-,-,,,,,,
,,,,,,,,,,-,-,,0%,0%,,-,-,-,-,,-,-,,,,,,
,,,,,,,,,,-,-,,0%,0%,,-,-,-,-,,-,-,,,,,,
,,,,,,,,,,-,-,,0%,0%,,-,-,-,-,,-,-,,,,,,
,,,,,,,,,,-,-,,0%,0%,,-,-,-,-,,-,-,,,,,,
,,,,,,,,,,-,-,,0%,0%,,-,-,-,-,,-,-,,,,,,
,,,,,,,,,,-,-,,0%,0%,,-,-,-,-,,-,-,,,,,,
,,,,,,,,,,-,-,,0%,0%,,-,-,-,-,,-,-,,,,,,
,,,,,,,,,,-,-,,0%,0%,,-,-,-,-,,-,-,,,,,,
,,,,,,,,,,-,-,,0%,0%,,-,-,-,-,,-,-,,,,,,
,,,,,,,,,,-,-,,0%,0%,,-,-,-,-,,-,-,,,,,,
,,,,,,,,,,-,-,,0%,0%,,-,-,-,-,,-,-,,,,,,
,,,,,,,,,,-,-,,0%,0%,,-,-,-,-,,-,-,,,,,,
,,,,,,,,,,-,-,,0%,0%,,-,-,-,-,,-,-,,,,,,
,,,,,,,,,,-,-,,0%,0%,,-,-,-,-,,-,-,,,,,,
,,,,,,,,,,-,-,,0%,0%,,-,-,-,-,,-,-,,,,,,
,,,,,,,,,,-,-,,0%,0%,,-,-,-,-,,-,-,,,,,,
,,,,,,,,,,-,-,,0%,0%,,-,-,-,-,,-,-,,,,,,
,,,,,,,,,,-,-,,0%,0%,,-,-,-,-,,-,-,,,,,,
,,,,,,,,,,-,-,,0%,0%,,-,-,-,-,,-,-,,,,,,
,,,,,,,,,,-,-,,0%,0%,,-,-,-,-,,-,-,,,,,,
,,,,,,,,,,-,-,,0%,0%,,-,-,-,-,,-,-,,,,,,
,,,,,,,,,,-,-,,0%,0%,,-,-,-,-,,-,-,,,,,,
,,,,,,,,,,-,-,,0%,0%,,-,-,-,-,,-,-,,,,,,
,,,,,,,,,,-,-,,0%,0%,,-,-,-,-,,-,-,,,,,,
,,,,,,,,,,-,-,,0%,0%,,-,-,-,-,,-,-,,,,,,
,,,,,,,,,,-,-,,0%,0%,,-,-,-,-,,-,-,,,,,,
,,,,,,,,,,-,-,,0%,0%,,-,-,-,-,,-,-,,,,,,
,,,,,,,,,,-,-,,0%,0%,,-,-,-,-,,-,-,,,,,,
,,,,,,,,,,-,-,,0%,0%,,-,-,-,-,,-,-,,,,,,
,,,,,,,,,,-,-,,0%,0%,,-,-,-,-,,-,-,,,,,,
,,,,,,,,,,-,-,,0%,0%,,-,-,-,-,,-,-,,,,,,
,,,,,,,,,,-,-,,0%,0%,,-,-,-,-,,-,-,,,,,,
,,,,,,,,,,-,-,,0%,0%,,-,-,-,-,,-,-,,,,,,
,,,,,,,,,,-,-,,0%,0%,,-,-,-,-,,-,-,,,,,,
,,,,,,,,,,-,-,,0%,0%,,-,-,-,-,,-,-,,,,,,
,,,,,,,,,,-,-,,0%,0%,,-,-,-,-,,-,-,,,,,,
,,,,,,,,,,-,-,,0%,0%,,-,-,-,-,,-,-,,,,,,
,,,,,,,,,,-,-,,0%,0%,,-,-,-,-,,-,-,,,,,,
,,,,,,,,,,-,-,,0%,0%,,-,-,-,-,,-,-,,,,,,
,,,,,,,,,,-,-,,0%,0%,,-,-,-,-,,-,-,,,,,,
,,,,,,,,,,-,-,,0%,0%,,-,-,-,-,,-,-,,,,,,
,,,,,,,,,,-,-,,0%,0%,,-,-,-,-,,-,-,,,,,,
,,,,,,,,,,-,-,,0%,0%,,-,-,-,-,,-,-,,,,,,
,,,,,,,,,,-,-,,0%,0%,,-,-,-,-,,-,-,,,,,,
,,,,,,,,,,-,-,,0%,0%,,-,-,-,-,,-,-,,,,,,
,,,,,,,,,,-,-,,0%,0%,,-,-,-,-,,-,-,,,,,,
,,,,,,,,,,-,-,,0%,0%,,-,-,-,-,,-,-,,,,,,
,,,,,,,,,,-,-,,0%,0%,,-,-,-,-,,-,-,,,,,,
,,,,,,,,,,-,-,,0%,0%,,-,-,-,-,,-,-,,,,,,
,,,,,,,,,,-,-,,0%,0%,,-,-,-,-,,-,-,,,,,,
,,,,,,,,,,-,-,,0%,0%,,-,-,-,-,,-,-,,,,,,
,,,,,,,,,,-,-,,0%,0%,,-,-,-,-,,-,-,,,,,,
,,,,,,,,,,-,-,,0%,0%,,-,-,-,-,,-,-,,,,,,
,,,,,,,,,,-,-,,0%,0%,,-,-,-,-,,-,-,,,,,,
,,,,,,,,,,-,-,,0%,0%,,-,-,-,-,,-,-,,,,,,
,,,,,,,,,,-,-,,0%,0%,,-,-,-,-,,-,-,,,,,,
,,,,,,,,,,-,-,,0%,0%,,-,-,-,-,,-,-,,,,,,
,,,,,,,,,,-,-,,0%,0%,,-,-,-,-,,-,-,,,,,,
,,,,,,,,,,-,-,,0%,0%,,-,-,-,-,,-,-,,,,,,
,,,,,,,,,,-,-,,0%,0%,,-,-,-,-,,-,-,,,,,,
,,,,,,,,,,-,-,,0%,0%,,-,-,-,-,,-,-,,,,,,
,,,,,,,,,,-,-,,0%,0%,,-,-,-,-,,-,-,,,,,,
,,,,,,,,,,-,-,,0%,0%,,-,-,-,-,,-,-,,,,,,
,,,,,,,,,,-,-,,0%,0%,,-,-,-,-,,-,-,,,,,,
,,,,,,,,,,-,-,,0%,0%,,-,-,-,-,,-,-,,,,,,
,,,,,,,,,,-,-,,0%,0%,,-,-,-,-,,-,-,,,,,,
,,,,,,,,,,-,-,,0%,0%,,-,-,-,-,,-,-,,,,,,
,,,,,,,,,,-,-,,0%,0%,,-,-,-,-,,-,-,,,,,,
,,,,,,,,,,-,-,,0%,0%,,-,-,-,-,,-,-,,,,,,
,,,,,,,,,,-,-,,0%,0%,,-,-,-,-,,-,-,,,,,,
,,,,,,,,,,-,-,,0%,0%,,-,-,-,-,,-,-,,,,,,
,,,,,,,,,,-,-,,0%,0%,,-,-,-,-,,-,-,,,,,,